player_id,name,nation,position,price,opponent,p_start,exp_minutes,exp_points,value,components
1092,Lamine Yamal,Spain,MID,10.0,Cabo Verde,0.9,80.0,5.831,0.583,"{""appearance"": 1.695, ""goals"": 1.526, ""assists"": 0.391, ""clean_sheet"": 0.463, ""tackles"": 0.533, ""chances"": 0.533, ""cards"": -0.142, ""set_pieces"": 0.832}"
542,Joshua Kimmich,Germany,DEF,5.5,Curaçao,0.9,80.0,5.477,0.996,"{""appearance"": 1.695, ""goals"": 0.678, ""assists"": 0.188, ""clean_sheet"": 2.179, ""goals_conceded"": -0.118, ""cards"": -0.16, ""set_pieces"": 1.015}"
543,Florian Wirtz,Germany,MID,7.5,Curaçao,0.9,80.0,5.276,0.704,"{""appearance"": 1.695, ""goals"": 1.744, ""assists"": 0.477, ""clean_sheet"": 0.436, ""tackles"": 0.533, ""chances"": 0.533, ""cards"": -0.142}"
1600,Jamal Musiala,Germany,MID,8.0,Curaçao,0.87,77.6,4.98,0.622,"{""appearance"": 1.648, ""goals"": 1.551, ""assists"": 0.462, ""clean_sheet"": 0.421, ""tackles"": 0.517, ""chances"": 0.517, ""cards"": -0.138}"
107,Marcel Sabitzer,Austria,MID,6.8,Jordan,0.9,80.0,4.943,0.727,"{""appearance"": 1.695, ""goals"": 1.046, ""assists"": 0.292, ""clean_sheet"": 0.368, ""tackles"": 0.533, ""chances"": 0.533, ""cards"": -0.142, ""set_pieces"": 0.617}"
529,Leroy Sané,Germany,MID,7.4,Curaçao,0.84,75.2,4.741,0.641,"{""appearance"": 1.602, ""goals"": 1.414, ""assists"": 0.449, ""clean_sheet"": 0.407, ""tackles"": 0.501, ""chances"": 0.501, ""cards"": -0.134}"
939,Bruno Fernandes,Portugal,MID,8.5,Congo DR,0.9,80.0,4.706,0.554,"{""appearance"": 1.695, ""goals"": 0.784, ""assists"": 0.287, ""clean_sheet"": 0.403, ""tackles"": 0.533, ""chances"": 0.533, ""cards"": -0.142, ""set_pieces"": 0.614}"
1158,Rubén Vargas,Switzerland,MID,6.8,Qatar,0.87,77.6,4.696,0.691,"{""appearance"": 1.648, ""goals"": 0.8, ""assists"": 0.296, ""clean_sheet"": 0.421, ""tackles"": 0.517, ""chances"": 0.517, ""cards"": -0.138, ""set_pieces"": 0.634}"
855,Erling Haaland,Norway,FWD,10.5,Iraq,0.9,80.0,4.574,0.436,"{""appearance"": 1.695, ""goals"": 2.221, ""assists"": 0.258, ""shots_on_target"": 0.489, ""cards"": -0.089}"
517,Michael Olise,France,MID,9.5,Senegal,0.9,80.0,4.498,0.473,"{""appearance"": 1.695, ""goals"": 0.758, ""assists"": 0.242, ""clean_sheet"": 0.361, ""tackles"": 0.533, ""chances"": 0.533, ""cards"": -0.142, ""set_pieces"": 0.517}"
2000,Nico Williams,Spain,MID,7.8,Cabo Verde,0.84,75.2,4.424,0.567,"{""appearance"": 1.602, ""goals"": 1.153, ""assists"": 0.367, ""clean_sheet"": 0.432, ""tackles"": 0.501, ""chances"": 0.501, ""cards"": -0.134}"
256,Luis Díaz,Colombia,MID,8.1,Uzbekistan,0.9,80.0,4.423,0.546,"{""appearance"": 1.695, ""goals"": 1.149, ""assists"": 0.25, ""clean_sheet"": 0.405, ""tackles"": 0.533, ""chances"": 0.533, ""cards"": -0.142}"
1366,Raphinha,Brazil,MID,8.2,Morocco,0.9,80.0,4.402,0.537,"{""appearance"": 1.695, ""goals"": 0.784, ""assists"": 0.216, ""clean_sheet"": 0.325, ""tackles"": 0.533, ""chances"": 0.533, ""cards"": -0.142, ""set_pieces"": 0.458}"
270,James Rodríguez,Colombia,MID,6.5,Uzbekistan,0.87,77.6,4.399,0.677,"{""appearance"": 1.648, ""goals"": 0.704, ""assists"": 0.239, ""clean_sheet"": 0.391, ""tackles"": 0.517, ""chances"": 0.517, ""cards"": -0.138, ""set_pieces"": 0.519}"
1248,Federico Valverde,Uruguay,MID,7.5,Saudi Arabia,0.9,80.0,4.355,0.581,"{""appearance"": 1.695, ""goals"": 0.575, ""assists"": 0.245, ""clean_sheet"": 0.389, ""tackles"": 0.533, ""chances"": 0.533, ""cards"": -0.142, ""set_pieces"": 0.527}"
1098,David Raya,Spain,GK,5.0,Cabo Verde,0.9,80.0,4.29,0.858,"{""appearance"": 1.695, ""clean_sheet"": 2.317, ""goals_conceded"": -0.095, ""saves"": 0.418, ""cards"": -0.044}"
1105,Dani Olmo,Spain,MID,7.7,Cabo Verde,0.81,72.8,4.28,0.556,"{""appearance"": 1.555, ""goals"": 1.108, ""assists"": 0.358, ""clean_sheet"": 0.417, ""tackles"": 0.485, ""chances"": 0.485, ""cards"": -0.129}"
1274,Christian Pulisic,USA,MID,7.0,Paraguay,0.9,80.0,4.271,0.61,"{""appearance"": 1.695, ""goals"": 0.767, ""assists"": 0.189, ""clean_sheet"": 0.303, ""tackles"": 0.533, ""chances"": 0.533, ""cards"": -0.142, ""set_pieces"": 0.392}"
1088,Marc Cucurella,Spain,DEF,5.1,Cabo Verde,0.9,80.0,4.226,0.829,"{""appearance"": 1.695, ""goals"": 0.32, ""assists"": 0.15, ""clean_sheet"": 2.317, ""goals_conceded"": -0.095, ""cards"": -0.16}"
138,Kevin De Bruyne,Belgium,MID,7.5,Egypt,0.87,77.6,4.203,0.56,"{""appearance"": 1.648, ""goals"": 0.677, ""assists"": 0.215, ""clean_sheet"": 0.309, ""tackles"": 0.517, ""chances"": 0.517, ""cards"": -0.138, ""set_pieces"": 0.457}"
1598,Manuel Neuer,Germany,GK,5.0,Curaçao,0.9,80.0,4.181,0.836,"{""appearance"": 1.695, ""clean_sheet"": 2.179, ""goals_conceded"": -0.118, ""saves"": 0.469, ""cards"": -0.044}"
1153,Gregor Kobel,Switzerland,GK,4.7,Qatar,0.9,80.0,4.181,0.89,"{""appearance"": 1.695, ""clean_sheet"": 2.179, ""goals_conceded"": -0.118, ""saves"": 0.469, ""cards"": -0.044}"
38,Lionel Messi,Argentina,FWD,10.0,Algeria,0.9,80.0,4.178,0.418,"{""appearance"": 1.695, ""goals"": 1.348, ""assists"": 0.193, ""shots_on_target"": 0.489, ""cards"": -0.089, ""set_pieces"": 0.542}"
1094,Mikel Oyarzabal,Spain,FWD,8.1,Cabo Verde,0.9,80.0,4.178,0.516,"{""appearance"": 1.695, ""goals"": 1.788, ""assists"": 0.295, ""shots_on_target"": 0.489, ""cards"": -0.089}"
1603,Jamie Leweling,Germany,MID,6.4,Curaçao,0.81,72.8,4.169,0.651,"{""appearance"": 1.555, ""goals"": 0.951, ""assists"": 0.429, ""clean_sheet"": 0.392, ""tackles"": 0.485, ""chances"": 0.485, ""cards"": -0.129}"
1003,John McGinn,Scotland,MID,6.0,Haiti,0.87,77.6,4.168,0.695,"{""appearance"": 1.648, ""goals"": 0.563, ""assists"": 0.25, ""clean_sheet"": 0.318, ""tackles"": 0.517, ""chances"": 0.517, ""cards"": -0.138, ""set_pieces"": 0.492}"
528,Kai Havertz,Germany,FWD,7.8,Curaçao,0.9,80.0,4.163,0.534,"{""appearance"": 1.695, ""goals"": 1.714, ""assists"": 0.353, ""shots_on_target"": 0.489, ""cards"": -0.089}"
757,Raúl Rangel,Mexico,GK,3.9,South Africa,0.9,80.0,4.155,1.065,"{""appearance"": 1.695, ""clean_sheet"": 2.146, ""goals_conceded"": -0.123, ""saves"": 0.481, ""cards"": -0.044}"
1085,Pedro Porro,Spain,DEF,5.5,Cabo Verde,0.87,77.6,4.141,0.753,"{""appearance"": 1.648, ""goals"": 0.353, ""assists"": 0.147, ""clean_sheet"": 2.24, ""goals_conceded"": -0.092, ""cards"": -0.155}"
859,Ørjan Nyland,Norway,GK,4.2,Iraq,0.9,80.0,4.121,0.981,"{""appearance"": 1.695, ""clean_sheet"": 2.104, ""goals_conceded"": -0.131, ""saves"": 0.498, ""cards"": -0.044}"
501,Ousmane Dembélé,France,MID,10.0,Senegal,0.87,77.6,4.067,0.407,"{""appearance"": 1.648, ""goals"": 0.934, ""assists"": 0.239, ""clean_sheet"": 0.349, ""tackles"": 0.517, ""chances"": 0.517, ""cards"": -0.138}"
262,Camilo Vargas,Colombia,GK,4.3,Uzbekistan,0.9,80.0,4.057,0.943,"{""appearance"": 1.695, ""clean_sheet"": 2.023, ""goals_conceded"": -0.147, ""saves"": 0.531, ""cards"": -0.044}"
1569,Diogo Costa,Portugal,GK,4.9,Congo DR,0.9,80.0,4.049,0.826,"{""appearance"": 1.695, ""clean_sheet"": 2.013, ""goals_conceded"": -0.15, ""saves"": 0.535, ""cards"": -0.044}"
1141,Manuel Akanji,Switzerland,DEF,5.0,Qatar,0.9,80.0,4.037,0.807,"{""appearance"": 1.695, ""goals"": 0.32, ""assists"": 0.12, ""clean_sheet"": 2.179, ""goals_conceded"": -0.118, ""cards"": -0.16}"
1027,Scott McTominay,Scotland,MID,6.5,Haiti,0.9,80.0,4.034,0.621,"{""appearance"": 1.695, ""goals"": 0.827, ""assists"": 0.26, ""clean_sheet"": 0.329, ""tackles"": 0.533, ""chances"": 0.533, ""cards"": -0.142}"
45,Emiliano Martínez,Argentina,GK,5.0,Algeria,0.9,80.0,4.008,0.802,"{""appearance"": 1.695, ""clean_sheet"": 1.962, ""goals_conceded"": -0.161, ""saves"": 0.556, ""cards"": -0.044}"
1244,Sergio Rochet,Uruguay,GK,4.1,Saudi Arabia,0.9,80.0,3.993,0.974,"{""appearance"": 1.695, ""clean_sheet"": 1.943, ""goals_conceded"": -0.165, ""saves"": 0.564, ""cards"": -0.044}"
520,Antonio Rüdiger,Germany,DEF,5.5,Curaçao,0.87,77.6,3.968,0.721,"{""appearance"": 1.648, ""goals"": 0.306, ""assists"": 0.177, ""clean_sheet"": 2.107, ""goals_conceded"": -0.114, ""cards"": -0.155}"
532,Nick Woltemade,Germany,FWD,7.2,Curaçao,0.87,77.6,3.959,0.55,"{""appearance"": 1.648, ""goals"": 1.58, ""assists"": 0.343, ""shots_on_target"": 0.474, ""cards"": -0.086}"
1135,Granit Xhaka,Switzerland,MID,6.2,Qatar,0.9,80.0,3.957,0.638,"{""appearance"": 1.695, ""goals"": 0.602, ""assists"": 0.299, ""clean_sheet"": 0.436, ""tackles"": 0.533, ""chances"": 0.533, ""cards"": -0.142}"
1961,Alphonso Davies,Canada,DEF,4.9,Bosnia and Herzegovina,0.9,80.0,3.946,0.805,"{""appearance"": 1.695, ""goals"": 0.605, ""assists"": 0.087, ""clean_sheet"": 1.572, ""goals_conceded"": -0.267, ""cards"": -0.16, ""set_pieces"": 0.413}"
173,Vinícius Júnior,Brazil,MID,10.0,Morocco,0.87,77.6,3.938,0.394,"{""appearance"": 1.648, ""goals"": 0.866, ""assists"": 0.212, ""clean_sheet"": 0.314, ""tackles"": 0.517, ""chances"": 0.517, ""cards"": -0.138}"
863,Antonio Nusa,Norway,MID,6.1,Iraq,0.87,77.6,3.937,0.645,"{""appearance"": 1.648, ""goals"": 0.675, ""assists"": 0.31, ""clean_sheet"": 0.407, ""tackles"": 0.517, ""chances"": 0.517, ""cards"": -0.138}"
847,Julian Ryerson,Norway,DEF,4.2,Iraq,0.9,80.0,3.932,0.936,"{""appearance"": 1.695, ""goals"": 0.298, ""assists"": 0.126, ""clean_sheet"": 2.104, ""goals_conceded"": -0.131, ""cards"": -0.16}"
523,Jonathan Tah,Germany,DEF,5.3,Curaçao,0.84,75.2,3.929,0.741,"{""appearance"": 1.602, ""goals"": 0.38, ""assists"": 0.174, ""clean_sheet"": 2.034, ""goals_conceded"": -0.111, ""cards"": -0.15}"
102,Carney Chukwuemeka,Austria,MID,5.0,Jordan,0.87,77.6,3.927,0.785,"{""appearance"": 1.648, ""goals"": 0.745, ""assists"": 0.281, ""clean_sheet"": 0.355, ""tackles"": 0.517, ""chances"": 0.517, ""cards"": -0.138}"
469,Bukayo Saka,England,MID,9.5,Croatia,0.84,75.2,3.924,0.413,"{""appearance"": 1.602, ""goals"": 0.536, ""assists"": 0.201, ""clean_sheet"": 0.294, ""tackles"": 0.501, ""chances"": 0.501, ""cards"": -0.134, ""set_pieces"": 0.422}"
1684,Martin Ødegaard,Norway,MID,7.7,Iraq,0.9,80.0,3.922,0.509,"{""appearance"": 1.695, ""goals"": 0.567, ""assists"": 0.315, ""clean_sheet"": 0.421, ""tackles"": 0.533, ""chances"": 0.533, ""cards"": -0.142}"
1086,Aymeric Laporte,Spain,DEF,5.5,Cabo Verde,0.84,75.2,3.92,0.713,"{""appearance"": 1.602, ""goals"": 0.253, ""assists"": 0.142, ""clean_sheet"": 2.162, ""goals_conceded"": -0.089, ""cards"": -0.15}"
98,Alexander Schlager,Austria,GK,4.6,Jordan,0.9,80.0,3.91,0.85,"{""appearance"": 1.695, ""clean_sheet"": 1.838, ""goals_conceded"": -0.19, ""saves"": 0.611, ""cards"": -0.044}"
1216,Hakan Çalhanoglu,Türkiye,MID,7.1,Australia,0.84,75.2,3.907,0.55,"{""appearance"": 1.602, ""goals"": 0.464, ""assists"": 0.221, ""clean_sheet"": 0.307, ""tackles"": 0.501, ""chances"": 0.501, ""cards"": -0.134, ""set_pieces"": 0.444}"
1102,Marcos Llorente,Spain,DEF,5.5,Cabo Verde,0.81,72.8,3.9,0.709,"{""appearance"": 1.555, ""goals"": 0.351, ""assists"": 0.141, ""clean_sheet"": 2.085, ""goals_conceded"": -0.087, ""cards"": -0.146}"
1215,Arda Güler,Türkiye,MID,7.0,Australia,0.9,80.0,3.898,0.557,"{""appearance"": 1.695, ""goals"": 0.715, ""assists"": 0.235, ""clean_sheet"": 0.328, ""tackles"": 0.533, ""chances"": 0.533, ""cards"": -0.142}"
742,Jesús Gallardo,Mexico,DEF,4.7,South Africa,0.9,80.0,3.894,0.829,"{""appearance"": 1.695, ""goals"": 0.248, ""assists"": 0.088, ""clean_sheet"": 2.146, ""goals_conceded"": -0.123, ""cards"": -0.16}"
506,Mike Maignan,France,GK,5.0,Senegal,0.9,80.0,3.884,0.777,"{""appearance"": 1.695, ""clean_sheet"": 1.806, ""goals_conceded"": -0.198, ""saves"": 0.626, ""cards"": -0.044}"
1143,Nico Elvedi,Switzerland,DEF,4.3,Qatar,0.87,77.6,3.88,0.902,"{""appearance"": 1.648, ""goals"": 0.277, ""assists"": 0.117, ""clean_sheet"": 2.107, ""goals_conceded"": -0.114, ""cards"": -0.155}"
744,Israel Reyes,Mexico,DEF,4.0,South Africa,0.9,80.0,3.879,0.97,"{""appearance"": 1.695, ""goals"": 0.234, ""assists"": 0.087, ""clean_sheet"": 2.146, ""goals_conceded"": -0.123, ""cards"": -0.16}"
741,César Montes,Mexico,DEF,4.7,South Africa,0.9,80.0,3.854,0.82,"{""appearance"": 1.695, ""goals"": 0.209, ""assists"": 0.087, ""clean_sheet"": 2.146, ""goals_conceded"": -0.123, ""cards"": -0.16}"
1247,Giorgian de Arrascaeta,Uruguay,MID,6.5,Saudi Arabia,0.84,75.2,3.852,0.593,"{""appearance"": 1.602, ""goals"": 0.782, ""assists"": 0.237, ""clean_sheet"": 0.363, ""tackles"": 0.501, ""chances"": 0.501, ""cards"": -0.134}"
526,Nico Schlotterbeck,Germany,DEF,5.3,Curaçao,0.81,72.8,3.844,0.725,"{""appearance"": 1.555, ""goals"": 0.409, ""assists"": 0.171, ""clean_sheet"": 1.961, ""goals_conceded"": -0.107, ""cards"": -0.146}"
740,Johan Vásquez,Mexico,DEF,4.7,South Africa,0.9,80.0,3.834,0.816,"{""appearance"": 1.695, ""goals"": 0.189, ""assists"": 0.087, ""clean_sheet"": 2.146, ""goals_conceded"": -0.123, ""cards"": -0.16}"
1574,Rafael Leão,Portugal,MID,7.8,Congo DR,0.81,72.8,3.83,0.491,"{""appearance"": 1.555, ""goals"": 0.803, ""assists"": 0.268, ""clean_sheet"": 0.362, ""tackles"": 0.485, ""chances"": 0.485, ""cards"": -0.129}"
248,Daniel Muñoz,Colombia,DEF,4.6,Uzbekistan,0.9,80.0,3.828,0.832,"{""appearance"": 1.695, ""goals"": 0.32, ""assists"": 0.098, ""clean_sheet"": 2.023, ""goals_conceded"": -0.147, ""cards"": -0.16}"
1204,Kenan Yildiz,Türkiye,MID,7.0,Australia,0.87,77.6,3.82,0.546,"{""appearance"": 1.648, ""goals"": 0.728, ""assists"": 0.23, ""clean_sheet"": 0.317, ""tackles"": 0.517, ""chances"": 0.517, ""cards"": -0.138}"
269,Jhon Arias,Colombia,MID,6.3,Uzbekistan,0.84,75.2,3.806,0.604,"{""appearance"": 1.602, ""goals"": 0.724, ""assists"": 0.234, ""clean_sheet"": 0.378, ""tackles"": 0.501, ""chances"": 0.501, ""cards"": -0.134}"
1142,Ricardo Rodríguez,Switzerland,DEF,4.5,Qatar,0.84,75.2,3.8,0.844,"{""appearance"": 1.602, ""goals"": 0.31, ""assists"": 0.115, ""clean_sheet"": 2.034, ""goals_conceded"": -0.111, ""cards"": -0.15}"
850,David Møller Wolfe,Norway,DEF,4.0,Iraq,0.87,77.6,3.796,0.949,"{""appearance"": 1.648, ""goals"": 0.273, ""assists"": 0.123, ""clean_sheet"": 2.034, ""goals_conceded"": -0.127, ""cards"": -0.155}"
1106,Pedri,Spain,MID,8.1,Cabo Verde,0.87,77.6,3.796,0.469,"{""appearance"": 1.648, ""goals"": 0.441, ""assists"": 0.362, ""clean_sheet"": 0.448, ""tackles"": 0.517, ""chances"": 0.517, ""cards"": -0.138}"
1597,Mohamed Salah,Egypt,MID,10.0,Belgium,0.9,80.0,3.777,0.378,"{""appearance"": 1.695, ""goals"": 0.672, ""assists"": 0.116, ""clean_sheet"": 0.134, ""tackles"": 0.533, ""chances"": 0.533, ""cards"": -0.142, ""set_pieces"": 0.235}"
916,Nuno Mendes,Portugal,DEF,5.8,Congo DR,0.9,80.0,3.77,0.65,"{""appearance"": 1.695, ""goals"": 0.259, ""assists"": 0.113, ""clean_sheet"": 2.013, ""goals_conceded"": -0.15, ""cards"": -0.16}"
843,Oscar Bobb,Norway,MID,5.1,Iraq,0.81,72.8,3.766,0.738,"{""appearance"": 1.555, ""goals"": 0.694, ""assists"": 0.296, ""clean_sheet"": 0.379, ""tackles"": 0.485, ""chances"": 0.485, ""cards"": -0.129}"
1573,Cristiano Ronaldo,Portugal,FWD,10.0,Congo DR,0.9,80.0,3.763,0.376,"{""appearance"": 1.695, ""goals"": 1.45, ""assists"": 0.218, ""shots_on_target"": 0.489, ""cards"": -0.089}"
1144,Silvan Widmer,Switzerland,DEF,4.2,Qatar,0.81,72.8,3.758,0.895,"{""appearance"": 1.555, ""goals"": 0.38, ""assists"": 0.113, ""clean_sheet"": 1.961, ""goals_conceded"": -0.107, ""cards"": -0.146}"
758,Brian Gutiérrez,Mexico,MID,5.0,South Africa,0.9,80.0,3.757,0.751,"{""appearance"": 1.695, ""goals"": 0.489, ""assists"": 0.218, ""clean_sheet"": 0.429, ""tackles"": 0.533, ""chances"": 0.533, ""cards"": -0.142}"
423,Hernán Galíndez,Ecuador,GK,4.2,Côte d'Ivoire,0.9,80.0,3.756,0.894,"{""appearance"": 1.695, ""clean_sheet"": 1.646, ""goals_conceded"": -0.243, ""saves"": 0.703, ""cards"": -0.044}"
1576,Craig Gordon,Scotland,GK,3.5,Haiti,0.9,80.0,3.754,1.073,"{""appearance"": 1.695, ""clean_sheet"": 1.643, ""goals_conceded"": -0.244, ""saves"": 0.704, ""cards"": -0.044}"
1211,Ugurcan Çakir,Türkiye,GK,4.2,Australia,0.9,80.0,3.753,0.894,"{""appearance"": 1.695, ""clean_sheet"": 1.642, ""goals_conceded"": -0.244, ""saves"": 0.705, ""cards"": -0.044}"
917,João Cancelo,Portugal,DEF,5.3,Congo DR,0.87,77.6,3.743,0.706,"{""appearance"": 1.648, ""goals"": 0.338, ""assists"": 0.112, ""clean_sheet"": 1.945, ""goals_conceded"": -0.145, ""cards"": -0.155}"
183,Alisson Becker,Brazil,GK,5.0,Morocco,0.9,80.0,3.738,0.748,"{""appearance"": 1.695, ""clean_sheet"": 1.623, ""goals_conceded"": -0.25, ""saves"": 0.714, ""cards"": -0.044}"
125,Jérémy Doku,Belgium,MID,7.5,Egypt,0.9,80.0,3.733,0.498,"{""appearance"": 1.695, ""goals"": 0.576, ""assists"": 0.218, ""clean_sheet"": 0.319, ""tackles"": 0.533, ""chances"": 0.533, ""cards"": -0.142}"
108,Romano Schmid,Austria,MID,6.0,Jordan,0.81,72.8,3.733,0.622,"{""appearance"": 1.555, ""goals"": 0.736, ""assists"": 0.269, ""clean_sheet"": 0.331, ""tackles"": 0.485, ""chances"": 0.485, ""cards"": -0.129}"
1572,Bernardo Silva,Portugal,MID,7.8,Congo DR,0.84,75.2,3.73,0.478,"{""appearance"": 1.602, ""goals"": 0.611, ""assists"": 0.272, ""clean_sheet"": 0.376, ""tackles"": 0.501, ""chances"": 0.501, ""cards"": -0.134}"
57,Enzo Fernández,Argentina,MID,7.5,Algeria,0.9,80.0,3.728,0.497,"{""appearance"": 1.695, ""goals"": 0.464, ""assists"": 0.251, ""clean_sheet"": 0.392, ""tackles"": 0.533, ""chances"": 0.533, ""cards"": -0.142}"
28,Cristian Romero,Argentina,DEF,4.9,Algeria,0.9,80.0,3.724,0.76,"{""appearance"": 1.695, ""goals"": 0.286, ""assists"": 0.101, ""clean_sheet"": 1.962, ""goals_conceded"": -0.161, ""cards"": -0.16}"
1226,Ronald Araujo,Uruguay,DEF,5.0,Saudi Arabia,0.9,80.0,3.721,0.744,"{""appearance"": 1.695, ""goals"": 0.309, ""assists"": 0.098, ""clean_sheet"": 1.943, ""goals_conceded"": -0.165, ""cards"": -0.16}"
1522,Thibaut Courtois,Belgium,GK,4.9,Egypt,0.9,80.0,3.717,0.759,"{""appearance"": 1.695, ""clean_sheet"": 1.597, ""goals_conceded"": -0.259, ""saves"": 0.728, ""cards"": -0.044}"
1114,Yasin Ayari,Sweden,MID,5.3,Tunisia,0.87,77.6,3.712,0.7,"{""appearance"": 1.648, ""goals"": 0.313, ""assists"": 0.173, ""clean_sheet"": 0.3, ""tackles"": 0.517, ""chances"": 0.517, ""cards"": -0.138, ""set_pieces"": 0.381}"
620,Alireza Beiranvand,IR Iran,GK,4.2,New Zealand,0.9,80.0,3.705,0.882,"{""appearance"": 1.695, ""clean_sheet"": 1.583, ""goals_conceded"": -0.263, ""saves"": 0.735, ""cards"": -0.044}"
477,Jordan Pickford,England,GK,4.8,Croatia,0.9,80.0,3.698,0.77,"{""appearance"": 1.695, ""clean_sheet"": 1.574, ""goals_conceded"": -0.266, ""saves"": 0.74, ""cards"": -0.044}"
235,Maxime Crépeau,Canada,GK,4.0,Bosnia and Herzegovina,0.9,80.0,3.697,0.924,"{""appearance"": 1.695, ""clean_sheet"": 1.572, ""goals_conceded"": -0.267, ""saves"": 0.741, ""cards"": -0.044}"
1369,Neymar,Brazil,MID,7.2,Morocco,0.84,75.2,3.686,0.512,"{""appearance"": 1.602, ""goals"": 0.707, ""assists"": 0.206, ""clean_sheet"": 0.303, ""tackles"": 0.501, ""chances"": 0.501, ""cards"": -0.134}"
627,Mohammad Mohebi,IR Iran,MID,5.9,New Zealand,0.87,77.6,3.684,0.624,"{""appearance"": 1.648, ""goals"": 0.635, ""assists"": 0.198, ""clean_sheet"": 0.306, ""tackles"": 0.517, ""chances"": 0.517, ""cards"": -0.138}"
1223,Maxi Araújo,Uruguay,MID,6.4,Saudi Arabia,0.87,77.6,3.681,0.575,"{""appearance"": 1.648, ""goals"": 0.521, ""assists"": 0.239, ""clean_sheet"": 0.376, ""tackles"": 0.517, ""chances"": 0.517, ""cards"": -0.138}"
1129,Kristoffer Nordfeldt,Sweden,GK,3.9,Tunisia,0.9,80.0,3.679,0.943,"{""appearance"": 1.695, ""clean_sheet"": 1.55, ""goals_conceded"": -0.274, ""saves"": 0.752, ""cards"": -0.044}"
516,Rayan Cherki,France,MID,8.0,Senegal,0.84,75.2,3.66,0.458,"{""appearance"": 1.602, ""goals"": 0.622, ""assists"": 0.23, ""clean_sheet"": 0.337, ""tackles"": 0.501, ""chances"": 0.501, ""cards"": -0.134}"
505,Désiré Doué,France,MID,7.5,Senegal,0.81,72.8,3.655,0.487,"{""appearance"": 1.555, ""goals"": 0.707, ""assists"": 0.226, ""clean_sheet"": 0.325, ""tackles"": 0.485, ""chances"": 0.485, ""cards"": -0.129}"
95,Marko Arnautovic,Austria,FWD,6.0,Jordan,0.9,80.0,3.653,0.609,"{""appearance"": 1.695, ""goals"": 1.341, ""assists"": 0.217, ""shots_on_target"": 0.489, ""cards"": -0.089}"
1270,Matt Turner,USA,GK,4.0,Paraguay,0.9,80.0,3.653,0.913,"{""appearance"": 1.695, ""clean_sheet"": 1.517, ""goals_conceded"": -0.286, ""saves"": 0.771, ""cards"": -0.044}"
849,Leo Østigård,Norway,DEF,4.1,Iraq,0.81,72.8,3.65,0.89,"{""appearance"": 1.555, ""goals"": 0.347, ""assists"": 0.119, ""clean_sheet"": 1.893, ""goals_conceded"": -0.12, ""cards"": -0.146}"
846,Kristoffer Ajer,Norway,DEF,4.3,Iraq,0.84,75.2,3.648,0.848,"{""appearance"": 1.602, ""goals"": 0.237, ""assists"": 0.12, ""clean_sheet"": 1.963, ""goals_conceded"": -0.124, ""cards"": -0.15}"
491,Jude Bellingham,England,MID,8.3,Croatia,0.9,80.0,3.61,0.435,"{""appearance"": 1.695, ""goals"": 0.467, ""assists"": 0.209, ""clean_sheet"": 0.315, ""tackles"": 0.533, ""chances"": 0.533, ""cards"": -0.142}"
1526,Leandro Trossard,Belgium,MID,6.6,Egypt,0.84,75.2,3.605,0.546,"{""appearance"": 1.602, ""goals"": 0.627, ""assists"": 0.209, ""clean_sheet"": 0.298, ""tackles"": 0.501, ""chances"": 0.501, ""cards"": -0.134}"
1458,Takefusa Kubo,Japan,MID,7.0,Netherlands,0.9,80.0,3.603,0.515,"{""appearance"": 1.695, ""goals"": 0.371, ""assists"": 0.147, ""clean_sheet"": 0.166, ""tackles"": 0.533, ""chances"": 0.533, ""cards"": -0.142, ""set_pieces"": 0.299}"
1140,Fabian Rieder,Switzerland,MID,6.2,Qatar,0.81,72.8,3.597,0.58,"{""appearance"": 1.555, ""goals"": 0.53, ""assists"": 0.278, ""clean_sheet"": 0.392, ""tackles"": 0.485, ""chances"": 0.485, ""cards"": -0.129}"
30,Nahuel Molina,Argentina,DEF,4.4,Algeria,0.87,77.6,3.597,0.817,"{""appearance"": 1.648, ""goals"": 0.264, ""assists"": 0.099, ""clean_sheet"": 1.896, ""goals_conceded"": -0.156, ""cards"": -0.155}"
252,Johan Mojica,Colombia,DEF,3.9,Uzbekistan,0.87,77.6,3.593,0.921,"{""appearance"": 1.648, ""goals"": 0.193, ""assists"": 0.094, ""clean_sheet"": 1.955, ""goals_conceded"": -0.143, ""cards"": -0.155}"
763,Álvaro Fidalgo,Mexico,MID,6.4,South Africa,0.9,80.0,3.587,0.56,"{""appearance"": 1.695, ""goals"": 0.322, ""assists"": 0.216, ""clean_sheet"": 0.429, ""tackles"": 0.533, ""chances"": 0.533, ""cards"": -0.142}"
85,David Alaba,Austria,DEF,4.6,Jordan,0.9,80.0,3.582,0.779,"{""appearance"": 1.695, ""goals"": 0.284, ""assists"": 0.114, ""clean_sheet"": 1.838, ""goals_conceded"": -0.19, ""cards"": -0.16}"
1093,Ferran Torres,Spain,FWD,7.8,Cabo Verde,0.87,77.6,3.571,0.458,"{""appearance"": 1.648, ""goals"": 1.258, ""assists"": 0.277, ""shots_on_target"": 0.474, ""cards"": -0.086}"
56,Alexis Mac Allister,Argentina,MID,6.6,Algeria,0.87,77.6,3.558,0.539,"{""appearance"": 1.648, ""goals"": 0.389, ""assists"": 0.245, ""clean_sheet"": 0.379, ""tackles"": 0.517, ""chances"": 0.517, ""cards"": -0.138}"
1971,Lawrence Ati Zigi,Ghana,GK,4.0,Panama,0.9,80.0,3.543,0.886,"{""appearance"": 1.695, ""clean_sheet"": 1.381, ""goals_conceded"": -0.338, ""saves"": 0.849, ""cards"": -0.044}"
1988,Ernest Nuamah,Ghana,MID,5.0,Panama,0.9,80.0,3.542,0.708,"{""appearance"": 1.695, ""goals"": 0.459, ""assists"": 0.188, ""clean_sheet"": 0.276, ""tackles"": 0.533, ""chances"": 0.533, ""cards"": -0.142}"
1149,Breel Embolo,Switzerland,FWD,7.5,Qatar,0.9,80.0,3.534,0.471,"{""appearance"": 1.695, ""goals"": 1.213, ""assists"": 0.226, ""shots_on_target"": 0.489, ""cards"": -0.089}"
250,Dávinson Sánchez,Colombia,DEF,4.3,Uzbekistan,0.84,75.2,3.527,0.82,"{""appearance"": 1.602, ""goals"": 0.233, ""assists"": 0.092, ""clean_sheet"": 1.888, ""goals_conceded"": -0.139, ""cards"": -0.15}"
1570,Rúben Dias,Portugal,DEF,5.0,Congo DR,0.84,75.2,3.517,0.703,"{""appearance"": 1.602, ""goals"": 0.22, ""assists"": 0.108, ""clean_sheet"": 1.878, ""goals_conceded"": -0.141, ""cards"": -0.15}"
96,Michael Gregoritsch,Austria,FWD,6.0,Jordan,0.87,77.6,3.51,0.585,"{""appearance"": 1.648, ""goals"": 1.262, ""assists"": 0.212, ""shots_on_target"": 0.474, ""cards"": -0.086}"
1229,Mathías Olivera,Uruguay,DEF,4.3,Saudi Arabia,0.87,77.6,3.509,0.816,"{""appearance"": 1.648, ""goals"": 0.201, ""assists"": 0.095, ""clean_sheet"": 1.878, ""goals_conceded"": -0.16, ""cards"": -0.155}"
90,Stefan Posch,Austria,DEF,4.3,Jordan,0.84,75.2,3.507,0.816,"{""appearance"": 1.602, ""goals"": 0.407, ""assists"": 0.111, ""clean_sheet"": 1.716, ""goals_conceded"": -0.178, ""cards"": -0.15}"
936,Vitinha,Portugal,MID,6.4,Congo DR,0.87,77.6,3.497,0.546,"{""appearance"": 1.648, ""goals"": 0.29, ""assists"": 0.273, ""clean_sheet"": 0.389, ""tackles"": 0.517, ""chances"": 0.517, ""cards"": -0.138}"
1683,Fredrik Aursnes,Norway,MID,6.5,Iraq,0.84,75.2,3.494,0.538,"{""appearance"": 1.602, ""goals"": 0.333, ""assists"": 0.297, ""clean_sheet"": 0.393, ""tackles"": 0.501, ""chances"": 0.501, ""cards"": -0.134}"
1157,Denis Zakaria,Switzerland,MID,6.1,Qatar,0.84,75.2,3.494,0.573,"{""appearance"": 1.602, ""goals"": 0.334, ""assists"": 0.282, ""clean_sheet"": 0.407, ""tackles"": 0.501, ""chances"": 0.501, ""cards"": -0.134}"
629,Mehdi Ghayedi,IR Iran,MID,5.9,New Zealand,0.84,75.2,3.489,0.591,"{""appearance"": 1.602, ""goals"": 0.53, ""assists"": 0.193, ""clean_sheet"": 0.295, ""tackles"": 0.501, ""chances"": 0.501, ""cards"": -0.134}"
1007,Ryan Christie,Scotland,MID,5.6,Haiti,0.84,75.2,3.48,0.621,"{""appearance"": 1.602, ""goals"": 0.459, ""assists"": 0.243, ""clean_sheet"": 0.307, ""tackles"": 0.501, ""chances"": 0.501, ""cards"": -0.134}"
271,Jorge Carrascal,Colombia,MID,6.1,Uzbekistan,0.81,72.8,3.477,0.57,"{""appearance"": 1.555, ""goals"": 0.491, ""assists"": 0.226, ""clean_sheet"": 0.364, ""tackles"": 0.485, ""chances"": 0.485, ""cards"": -0.129}"
88,Kevin Danso,Austria,DEF,4.3,Jordan,0.87,77.6,3.467,0.806,"{""appearance"": 1.648, ""goals"": 0.268, ""assists"": 0.112, ""clean_sheet"": 1.777, ""goals_conceded"": -0.184, ""cards"": -0.155}"
103,Konrad Laimer,Austria,MID,5.8,Jordan,0.84,75.2,3.465,0.597,"{""appearance"": 1.602, ""goals"": 0.381, ""assists"": 0.27, ""clean_sheet"": 0.343, ""tackles"": 0.501, ""chances"": 0.501, ""cards"": -0.134}"
736,Lee Kang-In,Korea Republic,MID,6.1,Czechia,0.9,80.0,3.451,0.566,"{""appearance"": 1.695, ""goals"": 0.444, ""assists"": 0.15, ""clean_sheet"": 0.237, ""tackles"": 0.533, ""chances"": 0.533, ""cards"": -0.142}"
809,Bart Verbruggen,Netherlands,GK,4.7,Japan,0.9,80.0,3.441,0.732,"{""appearance"": 1.695, ""clean_sheet"": 1.256, ""goals_conceded"": -0.393, ""saves"": 0.928, ""cards"": -0.044}"
1578,Ben Gannon-Doak,Scotland,MID,4.9,Haiti,0.81,72.8,3.436,0.701,"{""appearance"": 1.555, ""goals"": 0.505, ""assists"": 0.238, ""clean_sheet"": 0.296, ""tackles"": 0.485, ""chances"": 0.485, ""cards"": -0.129}"
918,Diogo Dalot,Portugal,DEF,5.0,Congo DR,0.81,72.8,3.432,0.686,"{""appearance"": 1.555, ""goals"": 0.241, ""assists"": 0.106, ""clean_sheet"": 1.811, ""goals_conceded"": -0.136, ""cards"": -0.146}"
396,Lukás Provod,Czechia,MID,5.9,Korea Republic,0.84,75.2,3.427,0.581,"{""appearance"": 1.602, ""goals"": 0.295, ""assists"": 0.139, ""clean_sheet"": 0.221, ""tackles"": 0.501, ""chances"": 0.501, ""cards"": -0.134, ""set_pieces"": 0.3}"
759,Érik Lira,Mexico,MID,5.6,South Africa,0.9,80.0,3.425,0.612,"{""appearance"": 1.695, ""goals"": 0.162, ""assists"": 0.215, ""clean_sheet"": 0.429, ""tackles"": 0.533, ""chances"": 0.533, ""cards"": -0.142}"
471,Marcus Rashford,England,MID,7.5,Croatia,0.81,72.8,3.425,0.457,"{""appearance"": 1.555, ""goals"": 0.549, ""assists"": 0.196, ""clean_sheet"": 0.283, ""tackles"": 0.485, ""chances"": 0.485, ""cards"": -0.129}"
1318,Lisandro Martínez,Argentina,DEF,4.6,Algeria,0.84,75.2,3.413,0.742,"{""appearance"": 1.602, ""goals"": 0.186, ""assists"": 0.096, ""clean_sheet"": 1.831, ""goals_conceded"": -0.151, ""cards"": -0.15}"
1429,William Saliba,France,DEF,5.3,Senegal,0.9,80.0,3.412,0.644,"{""appearance"": 1.695, ""goals"": 0.175, ""assists"": 0.095, ""clean_sheet"": 1.806, ""goals_conceded"": -0.198, ""cards"": -0.16}"
1113,Lucas Bergvall,Sweden,MID,5.1,Tunisia,0.9,80.0,3.411,0.669,"{""appearance"": 1.695, ""goals"": 0.304, ""assists"": 0.177, ""clean_sheet"": 0.31, ""tackles"": 0.533, ""chances"": 0.533, ""cards"": -0.142}"
594,Amir Mohammad Razzaghinia,IR Iran,MID,4.2,New Zealand,0.9,80.0,3.411,0.812,"{""appearance"": 1.695, ""goals"": 0.276, ""assists"": 0.199, ""clean_sheet"": 0.317, ""tackles"": 0.533, ""chances"": 0.533, ""cards"": -0.142}"
1254,Malik Tillman,USA,MID,6.1,Paraguay,0.84,75.2,3.386,0.555,"{""appearance"": 1.602, ""goals"": 0.454, ""assists"": 0.178, ""clean_sheet"": 0.283, ""tackles"": 0.501, ""chances"": 0.501, ""cards"": -0.134}"
729,Jo Hyeon-Woo,Korea Republic,GK,4.6,Czechia,0.9,80.0,3.385,0.736,"{""appearance"": 1.695, ""clean_sheet"": 1.187, ""goals_conceded"": -0.427, ""saves"": 0.975, ""cards"": -0.044}"
317,Yahia Fofana,Côte d'Ivoire,GK,4.2,Ecuador,0.9,80.0,3.385,0.806,"{""appearance"": 1.695, ""clean_sheet"": 1.186, ""goals_conceded"": -0.428, ""saves"": 0.976, ""cards"": -0.044}"
1227,José María Giménez,Uruguay,DEF,4.4,Saudi Arabia,0.84,75.2,3.383,0.769,"{""appearance"": 1.602, ""goals"": 0.18, ""assists"": 0.093, ""clean_sheet"": 1.814, ""goals_conceded"": -0.155, ""cards"": -0.15}"
387,Matej Kovár,Czechia,GK,4.1,Korea Republic,0.9,80.0,3.383,0.825,"{""appearance"": 1.695, ""clean_sheet"": 1.184, ""goals_conceded"": -0.429, ""saves"": 0.977, ""cards"": -0.044}"
114,Maxim De Cuyper,Belgium,DEF,4.7,Egypt,0.9,80.0,3.378,0.719,"{""appearance"": 1.695, ""goals"": 0.416, ""assists"": 0.089, ""clean_sheet"": 1.597, ""goals_conceded"": -0.259, ""cards"": -0.16}"
245,Ismaël Koné,Canada,MID,6.0,Bosnia and Herzegovina,0.87,77.6,3.361,0.56,"{""appearance"": 1.648, ""goals"": 0.31, ""assists"": 0.202, ""clean_sheet"": 0.304, ""tackles"": 0.517, ""chances"": 0.517, ""cards"": -0.138}"
1255,Weston McKennie,USA,MID,6.1,Paraguay,0.87,77.6,3.356,0.55,"{""appearance"": 1.648, ""goals"": 0.337, ""assists"": 0.181, ""clean_sheet"": 0.293, ""tackles"": 0.517, ""chances"": 0.517, ""cards"": -0.138}"
500,Kylian Mbappé,France,FWD,10.5,Senegal,0.9,80.0,3.355,0.319,"{""appearance"": 1.695, ""goals"": 1.08, ""assists"": 0.179, ""shots_on_target"": 0.489, ""cards"": -0.089}"
816,Tijjani Reijnders,Netherlands,MID,6.5,Japan,0.87,77.6,3.354,0.516,"{""appearance"": 1.648, ""goals"": 0.383, ""assists"": 0.183, ""clean_sheet"": 0.243, ""tackles"": 0.517, ""chances"": 0.517, ""cards"": -0.138}"
597,Ramin Rezaeian,IR Iran,DEF,4.0,New Zealand,0.9,80.0,3.347,0.837,"{""appearance"": 1.695, ""goals"": 0.41, ""assists"": 0.082, ""clean_sheet"": 1.583, ""goals_conceded"": -0.263, ""cards"": -0.16}"
1967,Stephen Eustaquio,Canada,MID,5.0,Bosnia and Herzegovina,0.9,80.0,3.346,0.669,"{""appearance"": 1.695, ""goals"": 0.206, ""assists"": 0.205, ""clean_sheet"": 0.314, ""tackles"": 0.533, ""chances"": 0.533, ""cards"": -0.142}"
1696,Sadio Mané,Senegal,MID,7.6,France,0.9,80.0,3.342,0.44,"{""appearance"": 1.695, ""goals"": 0.315, ""assists"": 0.094, ""clean_sheet"": 0.112, ""tackles"": 0.533, ""chances"": 0.533, ""cards"": -0.142, ""set_pieces"": 0.202}"
249,Jhon Lucumí,Colombia,DEF,4.3,Uzbekistan,0.81,72.8,3.34,0.777,"{""appearance"": 1.555, ""goals"": 0.155, ""assists"": 0.089, ""clean_sheet"": 1.821, ""goals_conceded"": -0.134, ""cards"": -0.146}"
913,Diego Gómez,Paraguay,MID,6.8,USA,0.87,77.6,3.338,0.491,"{""appearance"": 1.648, ""goals"": 0.266, ""assists"": 0.113, ""clean_sheet"": 0.172, ""tackles"": 0.517, ""chances"": 0.517, ""cards"": -0.138, ""set_pieces"": 0.243}"
1192,Orkun Kökçü,Türkiye,MID,6.0,Australia,0.81,72.8,3.333,0.555,"{""appearance"": 1.555, ""goals"": 0.425, ""assists"": 0.216, ""clean_sheet"": 0.296, ""tackles"": 0.485, ""chances"": 0.485, ""cards"": -0.129}"
420,Anthony Valencia,Ecuador,MID,4.2,Côte d'Ivoire,0.87,77.6,3.33,0.793,"{""appearance"": 1.648, ""goals"": 0.321, ""assists"": 0.145, ""clean_sheet"": 0.318, ""tackles"": 0.517, ""chances"": 0.517, ""cards"": -0.138}"
571,Jean-Ricner Bellegarde,Haiti,MID,4.7,Scotland,0.9,80.0,3.325,0.707,"{""appearance"": 1.695, ""goals"": 0.24, ""assists"": 0.121, ""clean_sheet"": 0.118, ""tackles"": 0.533, ""chances"": 0.533, ""cards"": -0.142, ""set_pieces"": 0.227}"
346,Luka Modric,Croatia,MID,6.2,England,0.9,80.0,3.325,0.536,"{""appearance"": 1.695, ""goals"": 0.21, ""assists"": 0.109, ""clean_sheet"": 0.147, ""tackles"": 0.533, ""chances"": 0.533, ""cards"": -0.142, ""set_pieces"": 0.239}"
31,Nicolás Otamendi,Argentina,DEF,4.4,Algeria,0.81,72.8,3.32,0.755,"{""appearance"": 1.555, ""goals"": 0.197, ""assists"": 0.094, ""clean_sheet"": 1.766, ""goals_conceded"": -0.146, ""cards"": -0.146}"
2064,Rodrigo Bentancur,Uruguay,MID,6.0,Saudi Arabia,0.81,72.8,3.319,0.553,"{""appearance"": 1.555, ""goals"": 0.347, ""assists"": 0.226, ""clean_sheet"": 0.35, ""tackles"": 0.485, ""chances"": 0.485, ""cards"": -0.129}"
1430,Jules Koundé,France,DEF,5.4,Senegal,0.87,77.6,3.31,0.613,"{""appearance"": 1.648, ""goals"": 0.171, ""assists"": 0.093, ""clean_sheet"": 1.745, ""goals_conceded"": -0.192, ""cards"": -0.155}"
124,Romelu Lukaku,Belgium,FWD,7.4,Egypt,0.9,80.0,3.308,0.447,"{""appearance"": 1.695, ""goals"": 1.051, ""assists"": 0.162, ""shots_on_target"": 0.489, ""cards"": -0.089}"
393,Tomás Soucek,Czechia,MID,5.6,Korea Republic,0.9,80.0,3.3,0.589,"{""appearance"": 1.695, ""goals"": 0.298, ""assists"": 0.146, ""clean_sheet"": 0.237, ""tackles"": 0.533, ""chances"": 0.533, ""cards"": -0.142}"
856,Alexander Sørloth,Norway,FWD,6.8,Iraq,0.87,77.6,3.294,0.484,"{""appearance"": 1.648, ""goals"": 1.028, ""assists"": 0.229, ""shots_on_target"": 0.474, ""cards"": -0.086}"
2020,Brahim Díaz,Morocco,MID,6.4,Brazil,0.9,80.0,3.293,0.514,"{""appearance"": 1.695, ""goals"": 0.424, ""assists"": 0.11, ""clean_sheet"": 0.139, ""tackles"": 0.533, ""chances"": 0.533, ""cards"": -0.142}"
1555,Hannibal Mejbri,Tunisia,MID,4.8,Sweden,0.87,77.6,3.289,0.685,"{""appearance"": 1.648, ""goals"": 0.215, ""assists"": 0.118, ""clean_sheet"": 0.173, ""tackles"": 0.517, ""chances"": 0.517, ""cards"": -0.138, ""set_pieces"": 0.237}"
1947,Nilson Angulo,Ecuador,MID,6.0,Côte d'Ivoire,0.84,75.2,3.288,0.548,"{""appearance"": 1.602, ""goals"": 0.368, ""assists"": 0.143, ""clean_sheet"": 0.307, ""tackles"": 0.501, ""chances"": 0.501, ""cards"": -0.134}"
488,Declan Rice,England,MID,7.0,Croatia,0.87,77.6,3.288,0.47,"{""appearance"": 1.648, ""goals"": 0.236, ""assists"": 0.202, ""clean_sheet"": 0.304, ""tackles"": 0.517, ""chances"": 0.517, ""cards"": -0.138}"
397,Pavel Sulc,Czechia,MID,5.9,Korea Republic,0.87,77.6,3.287,0.557,"{""appearance"": 1.648, ""goals"": 0.37, ""assists"": 0.143, ""clean_sheet"": 0.229, ""tackles"": 0.517, ""chances"": 0.517, ""cards"": -0.138}"
1230,Guillermo Varela,Uruguay,DEF,4.2,Saudi Arabia,0.81,72.8,3.283,0.782,"{""appearance"": 1.555, ""goals"": 0.183, ""assists"": 0.091, ""clean_sheet"": 1.749, ""goals_conceded"": -0.15, ""cards"": -0.146}"
50,Rodrigo De Paul,Argentina,MID,5.9,Algeria,0.81,72.8,3.282,0.556,"{""appearance"": 1.555, ""goals"": 0.299, ""assists"": 0.233, ""clean_sheet"": 0.353, ""tackles"": 0.485, ""chances"": 0.485, ""cards"": -0.129}"
238,Ali Ahmed,Canada,MID,4.9,Bosnia and Herzegovina,0.81,72.8,3.281,0.67,"{""appearance"": 1.555, ""goals"": 0.408, ""assists"": 0.194, ""clean_sheet"": 0.283, ""tackles"": 0.485, ""chances"": 0.485, ""cards"": -0.129}"
625,Mehdi Torabi,IR Iran,MID,5.6,New Zealand,0.81,72.8,3.279,0.586,"{""appearance"": 1.555, ""goals"": 0.411, ""assists"": 0.187, ""clean_sheet"": 0.285, ""tackles"": 0.485, ""chances"": 0.485, ""cards"": -0.129}"
1195,Ferdi Kadioglu,Türkiye,DEF,4.3,Australia,0.9,80.0,3.278,0.762,"{""appearance"": 1.695, ""goals"": 0.252, ""assists"": 0.093, ""clean_sheet"": 1.642, ""goals_conceded"": -0.244, ""cards"": -0.16}"
1983,Thomas Partey,Ghana,MID,6.2,Panama,0.87,77.6,3.278,0.529,"{""appearance"": 1.648, ""goals"": 0.284, ""assists"": 0.182, ""clean_sheet"": 0.267, ""tackles"": 0.517, ""chances"": 0.517, ""cards"": -0.138}"
1445,Augustine Boakye,Ghana,MID,4.9,Panama,0.81,72.8,3.275,0.668,"{""appearance"": 1.555, ""goals"": 0.454, ""assists"": 0.176, ""clean_sheet"": 0.249, ""tackles"": 0.485, ""chances"": 0.485, ""cards"": -0.129}"
1009,Andy Robertson,Scotland,DEF,5.0,Haiti,0.9,80.0,3.274,0.655,"{""appearance"": 1.695, ""goals"": 0.237, ""assists"": 0.102, ""clean_sheet"": 1.643, ""goals_conceded"": -0.244, ""cards"": -0.16}"
1111,Taha Ali,Sweden,MID,4.9,Tunisia,0.84,75.2,3.273,0.668,"{""appearance"": 1.602, ""goals"": 0.343, ""assists"": 0.17, ""clean_sheet"": 0.289, ""tackles"": 0.501, ""chances"": 0.501, ""cards"": -0.134}"
737,Lee Jae-Sung,Korea Republic,MID,6.2,Czechia,0.87,77.6,3.265,0.527,"{""appearance"": 1.648, ""goals"": 0.345, ""assists"": 0.146, ""clean_sheet"": 0.229, ""tackles"": 0.517, ""chances"": 0.517, ""cards"": -0.138}"
2043,Memphis Depay,Netherlands,FWD,7.4,Japan,0.87,77.6,3.261,0.441,"{""appearance"": 1.648, ""goals"": 0.69, ""assists"": 0.133, ""shots_on_target"": 0.474, ""cards"": -0.086, ""set_pieces"": 0.401}"
86,Philipp Lienhart,Austria,DEF,4.3,Jordan,0.81,72.8,3.249,0.756,"{""appearance"": 1.555, ""goals"": 0.251, ""assists"": 0.106, ""clean_sheet"": 1.655, ""goals_conceded"": -0.173, ""cards"": -0.146}"
430,Moisés Caicedo,Ecuador,MID,6.8,Côte d'Ivoire,0.9,80.0,3.246,0.477,"{""appearance"": 1.695, ""goals"": 0.15, ""assists"": 0.147, ""clean_sheet"": 0.329, ""tackles"": 0.533, ""chances"": 0.533, ""cards"": -0.142}"
494,Dayot Upamecano,France,DEF,5.3,Senegal,0.84,75.2,3.24,0.611,"{""appearance"": 1.602, ""goals"": 0.199, ""assists"": 0.091, ""clean_sheet"": 1.685, ""goals_conceded"": -0.186, ""cards"": -0.15}"
2040,Frenkie de Jong,Netherlands,MID,7.0,Japan,0.9,80.0,3.24,0.463,"{""appearance"": 1.695, ""goals"": 0.184, ""assists"": 0.185, ""clean_sheet"": 0.251, ""tackles"": 0.533, ""chances"": 0.533, ""cards"": -0.142}"
137,Youri Tielemans,Belgium,MID,6.1,Egypt,0.81,72.8,3.238,0.531,"{""appearance"": 1.555, ""goals"": 0.353, ""assists"": 0.201, ""clean_sheet"": 0.287, ""tackles"": 0.485, ""chances"": 0.485, ""cards"": -0.129}"
901,Miguel Almirón,Paraguay,MID,6.0,USA,0.9,80.0,3.234,0.539,"{""appearance"": 1.695, ""goals"": 0.321, ""assists"": 0.116, ""clean_sheet"": 0.178, ""tackles"": 0.533, ""chances"": 0.533, ""cards"": -0.142}"
1265,Timothy Weah,USA,MID,5.8,Paraguay,0.81,72.8,3.223,0.556,"{""appearance"": 1.555, ""goals"": 0.381, ""assists"": 0.173, ""clean_sheet"": 0.273, ""tackles"": 0.485, ""chances"": 0.485, ""cards"": -0.129}"
11,Riyad Mahrez,Algeria,MID,6.5,Argentina,0.87,77.6,3.217,0.495,"{""appearance"": 1.648, ""goals"": 0.311, ""assists"": 0.087, ""clean_sheet"": 0.098, ""tackles"": 0.517, ""chances"": 0.517, ""cards"": -0.138, ""set_pieces"": 0.175}"
492,Theo Hernández,France,DEF,5.0,Senegal,0.81,72.8,3.216,0.643,"{""appearance"": 1.555, ""goals"": 0.272, ""assists"": 0.09, ""clean_sheet"": 1.625, ""goals_conceded"": -0.18, ""cards"": -0.146}"
669,Junya Ito,Japan,MID,5.0,Netherlands,0.87,77.6,3.212,0.642,"{""appearance"": 1.648, ""goals"": 0.363, ""assists"": 0.144, ""clean_sheet"": 0.16, ""tackles"": 0.517, ""chances"": 0.517, ""cards"": -0.138}"
1236,Darwin Núñez,Uruguay,FWD,7.5,Saudi Arabia,0.9,80.0,3.212,0.428,"{""appearance"": 1.695, ""goals"": 0.936, ""assists"": 0.181, ""shots_on_target"": 0.489, ""cards"": -0.089}"
884,Luis Mejía,Panama,GK,4.0,Ghana,0.9,80.0,3.21,0.803,"{""appearance"": 1.695, ""clean_sheet"": 0.973, ""goals_conceded"": -0.554, ""saves"": 1.141, ""cards"": -0.044}"
117,Thomas Meunier,Belgium,DEF,4.8,Egypt,0.87,77.6,3.203,0.667,"{""appearance"": 1.648, ""goals"": 0.331, ""assists"": 0.086, ""clean_sheet"": 1.544, ""goals_conceded"": -0.251, ""cards"": -0.155}"
670,Daizen Maeda,Japan,MID,5.0,Netherlands,0.84,75.2,3.199,0.64,"{""appearance"": 1.602, ""goals"": 0.432, ""assists"": 0.141, ""clean_sheet"": 0.155, ""tackles"": 0.501, ""chances"": 0.501, ""cards"": -0.134}"
39,Julián Alvarez,Argentina,FWD,8.6,Algeria,0.87,77.6,3.198,0.372,"{""appearance"": 1.648, ""goals"": 0.978, ""assists"": 0.183, ""shots_on_target"": 0.474, ""cards"": -0.086}"
457,Nico O'Reilly,England,DEF,4.7,Croatia,0.9,80.0,3.191,0.679,"{""appearance"": 1.695, ""goals"": 0.264, ""assists"": 0.084, ""clean_sheet"": 1.574, ""goals_conceded"": -0.266, ""cards"": -0.16}"
241,Nathan Saliba,Canada,MID,5.1,Bosnia and Herzegovina,0.84,75.2,3.181,0.624,"{""appearance"": 1.602, ""goals"": 0.22, ""assists"": 0.196, ""clean_sheet"": 0.294, ""tackles"": 0.501, ""chances"": 0.501, ""cards"": -0.134}"
1010,Kieran Tierney,Scotland,DEF,4.3,Haiti,0.87,77.6,3.177,0.739,"{""appearance"": 1.648, ""goals"": 0.232, ""assists"": 0.1, ""clean_sheet"": 1.589, ""goals_conceded"": -0.237, ""cards"": -0.155}"
887,Adalberto Carrasquilla,Panama,MID,6.5,Ghana,0.9,80.0,3.174,0.488,"{""appearance"": 1.695, ""goals"": 0.218, ""assists"": 0.142, ""clean_sheet"": 0.195, ""tackles"": 0.533, ""chances"": 0.533, ""cards"": -0.142}"
259,Luis Suárez,Colombia,FWD,5.7,Uzbekistan,0.9,80.0,3.171,0.556,"{""appearance"": 1.695, ""goals"": 0.898, ""assists"": 0.178, ""shots_on_target"": 0.489, ""cards"": -0.089}"
427,Kendry Páez,Ecuador,MID,5.2,Côte d'Ivoire,0.81,72.8,3.169,0.609,"{""appearance"": 1.555, ""goals"": 0.337, ""assists"": 0.139, ""clean_sheet"": 0.296, ""tackles"": 0.485, ""chances"": 0.485, ""cards"": -0.129}"
164,Gabriel Magalhães,Brazil,DEF,5.5,Morocco,0.9,80.0,3.168,0.576,"{""appearance"": 1.695, ""goals"": 0.176, ""assists"": 0.085, ""clean_sheet"": 1.623, ""goals_conceded"": -0.25, ""cards"": -0.16}"
1201,Merih Demiral,Türkiye,DEF,4.0,Australia,0.87,77.6,3.167,0.792,"{""appearance"": 1.648, ""goals"": 0.233, ""assists"": 0.091, ""clean_sheet"": 1.587, ""goals_conceded"": -0.237, ""cards"": -0.155}"
836,Lachlan Bayliss,New Zealand,MID,4.0,IR Iran,0.9,80.0,3.167,0.792,"{""appearance"": 1.695, ""goals"": 0.259, ""assists"": 0.117, ""clean_sheet"": 0.172, ""tackles"": 0.533, ""chances"": 0.533, ""cards"": -0.142}"
735,Bae Jun-Ho,Korea Republic,MID,5.9,Czechia,0.84,75.2,3.165,0.536,"{""appearance"": 1.602, ""goals"": 0.33, ""assists"": 0.143, ""clean_sheet"": 0.222, ""tackles"": 0.501, ""chances"": 0.501, ""cards"": -0.134}"
468,Harry Kane,England,FWD,10.5,Croatia,0.9,80.0,3.164,0.301,"{""appearance"": 1.695, ""goals"": 0.915, ""assists"": 0.155, ""shots_on_target"": 0.489, ""cards"": -0.089}"
1163,Mortadha Ben Ouanes,Tunisia,MID,5.0,Sweden,0.9,80.0,3.153,0.631,"{""appearance"": 1.695, ""goals"": 0.233, ""assists"": 0.121, ""clean_sheet"": 0.179, ""tackles"": 0.533, ""chances"": 0.533, ""cards"": -0.142}"
2050,Cristian Volpato,Australia,MID,6.0,Türkiye,0.9,80.0,3.151,0.525,"{""appearance"": 1.695, ""goals"": 0.284, ""assists"": 0.112, ""clean_sheet"": 0.136, ""tackles"": 0.533, ""chances"": 0.533, ""cards"": -0.142}"
1184,Abdelmouhib Chamakh,Tunisia,GK,4.1,Sweden,0.9,80.0,3.146,0.767,"{""appearance"": 1.695, ""clean_sheet"": 0.895, ""goals_conceded"": -0.61, ""saves"": 1.21, ""cards"": -0.044}"
910,Orlando Gill,Paraguay,GK,3.5,USA,0.9,80.0,3.14,0.897,"{""appearance"": 1.695, ""clean_sheet"": 0.888, ""goals_conceded"": -0.615, ""saves"": 1.217, ""cards"": -0.044}"
792,Ismael Saibari,Morocco,MID,6.8,Brazil,0.87,77.6,3.138,0.462,"{""appearance"": 1.648, ""goals"": 0.351, ""assists"": 0.107, ""clean_sheet"": 0.134, ""tackles"": 0.517, ""chances"": 0.517, ""cards"": -0.138}"
323,Seko Fofana,Côte d'Ivoire,MID,6.8,Ecuador,0.9,80.0,3.136,0.461,"{""appearance"": 1.695, ""goals"": 0.166, ""assists"": 0.113, ""clean_sheet"": 0.237, ""tackles"": 0.533, ""chances"": 0.533, ""cards"": -0.142}"
1361,Bruno Guimarães,Brazil,MID,6.8,Morocco,0.81,72.8,3.134,0.461,"{""appearance"": 1.555, ""goals"": 0.249, ""assists"": 0.196, ""clean_sheet"": 0.292, ""tackles"": 0.485, ""chances"": 0.485, ""cards"": -0.129}"
1494,Sarpreet Singh,New Zealand,MID,5.3,IR Iran,0.81,72.8,3.122,0.589,"{""appearance"": 1.555, ""goals"": 0.241, ""assists"": 0.109, ""clean_sheet"": 0.154, ""tackles"": 0.485, ""chances"": 0.485, ""cards"": -0.129, ""set_pieces"": 0.221}"
838,Max Crocombe,New Zealand,GK,3.9,IR Iran,0.9,80.0,3.115,0.799,"{""appearance"": 1.695, ""clean_sheet"": 0.858, ""goals_conceded"": -0.639, ""saves"": 1.245, ""cards"": -0.044}"
2053,Willian Pacho,Ecuador,DEF,4.4,Côte d'Ivoire,0.9,80.0,3.111,0.707,"{""appearance"": 1.695, ""goals"": 0.114, ""assists"": 0.059, ""clean_sheet"": 1.646, ""goals_conceded"": -0.243, ""cards"": -0.16}"
912,Julio Enciso,Paraguay,MID,6.6,USA,0.84,75.2,3.109,0.471,"{""appearance"": 1.602, ""goals"": 0.361, ""assists"": 0.111, ""clean_sheet"": 0.166, ""tackles"": 0.501, ""chances"": 0.501, ""cards"": -0.134}"
868,José Luis Rodríguez,Panama,MID,5.6,Ghana,0.84,75.2,3.106,0.555,"{""appearance"": 1.602, ""goals"": 0.317, ""assists"": 0.136, ""clean_sheet"": 0.182, ""tackles"": 0.501, ""chances"": 0.501, ""cards"": -0.134}"
723,Son Heung-Min,Korea Republic,FWD,7.4,Czechia,0.9,80.0,3.1,0.419,"{""appearance"": 1.695, ""goals"": 0.582, ""assists"": 0.108, ""shots_on_target"": 0.489, ""cards"": -0.089, ""set_pieces"": 0.315}"
1519,Ken Sema,Sweden,MID,6.0,Tunisia,0.81,72.8,3.096,0.516,"{""appearance"": 1.555, ""goals"": 0.255, ""assists"": 0.165, ""clean_sheet"": 0.279, ""tackles"": 0.485, ""chances"": 0.485, ""cards"": -0.129}"
21,Adil Boulbina,Algeria,MID,4.0,Argentina,0.9,80.0,3.095,0.774,"{""appearance"": 1.695, ""goals"": 0.285, ""assists"": 0.089, ""clean_sheet"": 0.102, ""tackles"": 0.533, ""chances"": 0.533, ""cards"": -0.142}"
1580,Lawrence Shankland,Scotland,FWD,5.5,Haiti,0.9,80.0,3.094,0.563,"{""appearance"": 1.695, ""goals"": 0.812, ""assists"": 0.187, ""shots_on_target"": 0.489, ""cards"": -0.089}"
677,Zion Suzuki,Japan,GK,4.3,Netherlands,0.9,80.0,3.092,0.719,"{""appearance"": 1.695, ""clean_sheet"": 0.83, ""goals_conceded"": -0.662, ""saves"": 1.273, ""cards"": -0.044}"
226,Jonathan David,Canada,FWD,7.0,Bosnia and Herzegovina,0.9,80.0,3.091,0.442,"{""appearance"": 1.695, ""goals"": 0.843, ""assists"": 0.153, ""shots_on_target"": 0.489, ""cards"": -0.089}"
1396,Cucho Hernández,Colombia,FWD,6.3,Uzbekistan,0.87,77.6,3.088,0.49,"{""appearance"": 1.648, ""goals"": 0.878, ""assists"": 0.174, ""shots_on_target"": 0.474, ""cards"": -0.086}"
369,Trevor Doornbusch,Curaçao,GK,3.6,Germany,0.12,17.6,3.088,0.858,"{""appearance"": 0.486, ""clean_sheet"": 0.012, ""goals_conceded"": -0.547, ""saves"": 3.147, ""cards"": -0.01}"
456,Ibrahim Adel,Egypt,MID,5.9,Belgium,0.87,77.6,3.085,0.523,"{""appearance"": 1.648, ""goals"": 0.298, ""assists"": 0.112, ""clean_sheet"": 0.13, ""tackles"": 0.517, ""chances"": 0.517, ""cards"": -0.138}"
2067,Mladen Jurkas,Bosnia and Herzegovina,GK,3.5,Canada,0.9,80.0,3.084,0.881,"{""appearance"": 1.695, ""clean_sheet"": 0.821, ""goals_conceded"": -0.67, ""saves"": 1.282, ""cards"": -0.044}"
1707,Iqraam Rayners,South Africa,MID,5.3,Mexico,0.9,80.0,3.083,0.582,"{""appearance"": 1.695, ""goals"": 0.261, ""assists"": 0.078, ""clean_sheet"": 0.125, ""tackles"": 0.533, ""chances"": 0.533, ""cards"": -0.142}"
1292,Abbosbek Fayzullaev,Uzbekistan,MID,6.2,Colombia,0.87,77.6,3.081,0.497,"{""appearance"": 1.648, ""goals"": 0.188, ""assists"": 0.078, ""clean_sheet"": 0.102, ""tackles"": 0.517, ""chances"": 0.517, ""cards"": -0.138, ""set_pieces"": 0.167}"
412,Enner Valencia,Ecuador,FWD,5.9,Côte d'Ivoire,0.9,80.0,3.08,0.522,"{""appearance"": 1.695, ""goals"": 0.563, ""assists"": 0.108, ""shots_on_target"": 0.489, ""cards"": -0.089, ""set_pieces"": 0.315}"
51,Nico Paz,Argentina,MID,5.9,Algeria,0.84,75.2,3.071,0.521,"{""appearance"": 1.602, ""assists"": 0.234, ""clean_sheet"": 0.366, ""tackles"": 0.501, ""chances"": 0.501, ""cards"": -0.134}"
322,Franck Kessie,Côte d'Ivoire,MID,5.9,Ecuador,0.87,77.6,3.068,0.52,"{""appearance"": 1.648, ""goals"": 0.183, ""assists"": 0.111, ""clean_sheet"": 0.229, ""tackles"": 0.517, ""chances"": 0.517, ""cards"": -0.138}"
1577,Aaron Hickey,Scotland,DEF,4.3,Haiti,0.84,75.2,3.068,0.714,"{""appearance"": 1.602, ""goals"": 0.215, ""assists"": 0.097, ""clean_sheet"": 1.534, ""goals_conceded"": -0.229, ""cards"": -0.15}"
812,Ryan Gravenberch,Netherlands,MID,6.1,Japan,0.84,75.2,3.066,0.503,"{""appearance"": 1.602, ""goals"": 0.184, ""assists"": 0.177, ""clean_sheet"": 0.234, ""tackles"": 0.501, ""chances"": 0.501, ""cards"": -0.134}"
2031,Sergiño Dest,USA,DEF,4.3,Paraguay,0.87,77.6,3.065,0.713,"{""appearance"": 1.648, ""goals"": 0.309, ""assists"": 0.074, ""clean_sheet"": 1.467, ""goals_conceded"": -0.277, ""cards"": -0.155}"
748,Raúl Jiménez,Mexico,FWD,7.0,South Africa,0.9,80.0,3.064,0.438,"{""appearance"": 1.695, ""goals"": 0.809, ""assists"": 0.16, ""shots_on_target"": 0.489, ""cards"": -0.089}"
1956,Alaa Al Hejji,Saudi Arabia,MID,5.0,Uruguay,0.9,80.0,3.054,0.611,"{""appearance"": 1.695, ""goals"": 0.239, ""assists"": 0.088, ""clean_sheet"": 0.108, ""tackles"": 0.533, ""chances"": 0.533, ""cards"": -0.142}"
2052,Piero Hincapié,Ecuador,DEF,4.7,Côte d'Ivoire,0.87,77.6,3.048,0.649,"{""appearance"": 1.648, ""goals"": 0.142, ""assists"": 0.058, ""clean_sheet"": 1.591, ""goals_conceded"": -0.236, ""cards"": -0.155}"
1164,Anis Ben Slimane,Tunisia,MID,5.3,Sweden,0.84,75.2,3.045,0.575,"{""appearance"": 1.602, ""goals"": 0.291, ""assists"": 0.116, ""clean_sheet"": 0.167, ""tackles"": 0.501, ""chances"": 0.501, ""cards"": -0.134}"
1121,Victor Lindelöf,Sweden,DEF,4.0,Tunisia,0.9,80.0,3.042,0.76,"{""appearance"": 1.695, ""goals"": 0.16, ""assists"": 0.071, ""clean_sheet"": 1.55, ""goals_conceded"": -0.274, ""cards"": -0.16}"
1124,Viktor Gyökeres,Sweden,FWD,7.8,Tunisia,0.9,80.0,3.041,0.39,"{""appearance"": 1.695, ""goals"": 0.815, ""assists"": 0.131, ""shots_on_target"": 0.489, ""cards"": -0.089}"
1963,Alistair Johnston,Canada,DEF,4.0,Bosnia and Herzegovina,0.87,77.6,3.039,0.76,"{""appearance"": 1.648, ""goals"": 0.203, ""assists"": 0.081, ""clean_sheet"": 1.52, ""goals_conceded"": -0.259, ""cards"": -0.155}"
1200,Abdülkerim Bardakci,Türkiye,DEF,4.0,Australia,0.84,75.2,3.038,0.759,"{""appearance"": 1.602, ""goals"": 0.195, ""assists"": 0.088, ""clean_sheet"": 1.533, ""goals_conceded"": -0.23, ""cards"": -0.15}"
461,Marc Guéhi,England,DEF,5.1,Croatia,0.87,77.6,3.034,0.595,"{""appearance"": 1.648, ""goals"": 0.197, ""assists"": 0.082, ""clean_sheet"": 1.521, ""goals_conceded"": -0.258, ""cards"": -0.155}"
1258,Antonee Robinson,USA,DEF,5.0,Paraguay,0.9,80.0,3.033,0.607,"{""appearance"": 1.695, ""goals"": 0.192, ""assists"": 0.074, ""clean_sheet"": 1.517, ""goals_conceded"": -0.286, ""cards"": -0.16}"
165,Marquinhos,Brazil,DEF,5.2,Morocco,0.87,77.6,3.029,0.583,"{""appearance"": 1.648, ""goals"": 0.128, ""assists"": 0.082, ""clean_sheet"": 1.569, ""goals_conceded"": -0.243, ""cards"": -0.155}"
606,Ali Nemati,IR Iran,DEF,3.5,New Zealand,0.87,77.6,3.022,0.863,"{""appearance"": 1.648, ""goals"": 0.176, ""assists"": 0.078, ""clean_sheet"": 1.53, ""goals_conceded"": -0.255, ""cards"": -0.155}"
1984,Elisha Owusu,Ghana,MID,5.3,Panama,0.84,75.2,3.021,0.57,"{""appearance"": 1.602, ""goals"": 0.116, ""assists"": 0.176, ""clean_sheet"": 0.258, ""tackles"": 0.501, ""chances"": 0.501, ""cards"": -0.134}"
400,Pervis Estupiñán,Ecuador,DEF,4.8,Côte d'Ivoire,0.84,75.2,3.017,0.629,"{""appearance"": 1.602, ""goals"": 0.201, ""assists"": 0.057, ""clean_sheet"": 1.536, ""goals_conceded"": -0.229, ""cards"": -0.15}"
689,Nizar Al Rashdan,Jordan,MID,4.9,Austria,0.9,80.0,3.015,0.615,"{""appearance"": 1.695, ""goals"": 0.21, ""assists"": 0.109, ""clean_sheet"": 0.077, ""tackles"": 0.533, ""chances"": 0.533, ""cards"": -0.142}"
338,Dominik Livakovic,Croatia,GK,4.5,England,0.9,80.0,3.014,0.67,"{""appearance"": 1.695, ""clean_sheet"": 0.737, ""goals_conceded"": -0.746, ""saves"": 1.372, ""cards"": -0.044}"
1955,Salem Al Dawsari,Saudi Arabia,MID,7.2,Uruguay,0.84,75.2,3.012,0.418,"{""appearance"": 1.602, ""goals"": 0.356, ""assists"": 0.085, ""clean_sheet"": 0.1, ""tackles"": 0.501, ""chances"": 0.501, ""cards"": -0.134}"
608,Aria Yousefi,IR Iran,DEF,3.5,New Zealand,0.84,75.2,3.011,0.86,"{""appearance"": 1.602, ""goals"": 0.253, ""assists"": 0.077, ""clean_sheet"": 1.477, ""goals_conceded"": -0.248, ""cards"": -0.15}"
162,Amir Hadziahmetovic,Bosnia and Herzegovina,MID,5.5,Canada,0.9,80.0,3.005,0.546,"{""appearance"": 1.695, ""goals"": 0.108, ""assists"": 0.114, ""clean_sheet"": 0.164, ""tackles"": 0.533, ""chances"": 0.533, ""cards"": -0.142}"
1151,Dan Ndoye,Switzerland,FWD,6.8,Qatar,0.87,77.6,3.0,0.441,"{""appearance"": 1.648, ""goals"": 0.751, ""assists"": 0.212, ""shots_on_target"": 0.474, ""cards"": -0.086}"
348,Martin Baturina,Croatia,MID,6.5,England,0.87,77.6,3.0,0.461,"{""appearance"": 1.648, ""goals"": 0.205, ""assists"": 0.106, ""clean_sheet"": 0.143, ""tackles"": 0.517, ""chances"": 0.517, ""cards"": -0.138}"
2004,Jackson Irvine,Australia,MID,5.6,Türkiye,0.87,77.6,2.999,0.536,"{""appearance"": 1.648, ""goals"": 0.214, ""assists"": 0.109, ""clean_sheet"": 0.131, ""tackles"": 0.517, ""chances"": 0.517, ""cards"": -0.138}"
1118,Daniel Svensson,Sweden,DEF,4.5,Tunisia,0.87,77.6,2.986,0.664,"{""appearance"": 1.648, ""goals"": 0.19, ""assists"": 0.07, ""clean_sheet"": 1.499, ""goals_conceded"": -0.266, ""cards"": -0.155}"
115,Timothy Castagne,Belgium,DEF,4.7,Egypt,0.84,75.2,2.982,0.634,"{""appearance"": 1.602, ""goals"": 0.2, ""assists"": 0.083, ""clean_sheet"": 1.49, ""goals_conceded"": -0.243, ""cards"": -0.15}"
1711,Ollie Watkins,England,FWD,7.9,Croatia,0.87,77.6,2.981,0.377,"{""appearance"": 1.648, ""goals"": 0.795, ""assists"": 0.15, ""shots_on_target"": 0.474, ""cards"": -0.086}"
823,Marko Stamenic,New Zealand,MID,5.6,IR Iran,0.87,77.6,2.978,0.532,"{""appearance"": 1.648, ""goals"": 0.154, ""assists"": 0.113, ""clean_sheet"": 0.166, ""tackles"": 0.517, ""chances"": 0.517, ""cards"": -0.138}"
2010,Yassine Bounou,Morocco,GK,4.7,Brazil,0.9,80.0,2.978,0.634,"{""appearance"": 1.695, ""clean_sheet"": 0.695, ""goals_conceded"": -0.788, ""saves"": 1.421, ""cards"": -0.044}"
817,Quinten Timber,Netherlands,MID,6.8,Japan,0.81,72.8,2.977,0.438,"{""appearance"": 1.555, ""goals"": 0.182, ""assists"": 0.173, ""clean_sheet"": 0.226, ""tackles"": 0.485, ""chances"": 0.485, ""cards"": -0.129}"
972,Musab Al Juwayr,Saudi Arabia,MID,4.1,Uruguay,0.87,77.6,2.976,0.726,"{""appearance"": 1.648, ""goals"": 0.241, ""assists"": 0.086, ""clean_sheet"": 0.104, ""tackles"": 0.517, ""chances"": 0.517, ""cards"": -0.138}"
1539,Dominique Simon,Haiti,MID,4.3,Scotland,0.87,77.6,2.976,0.692,"{""appearance"": 1.648, ""goals"": 0.199, ""assists"": 0.118, ""clean_sheet"": 0.114, ""tackles"": 0.517, ""chances"": 0.517, ""cards"": -0.138}"
924,João Félix,Portugal,FWD,6.5,Congo DR,0.87,77.6,2.976,0.458,"{""appearance"": 1.648, ""goals"": 0.738, ""assists"": 0.201, ""shots_on_target"": 0.474, ""cards"": -0.086}"
1709,Reece James,England,DEF,5.2,Croatia,0.84,75.2,2.974,0.572,"{""appearance"": 1.602, ""goals"": 0.224, ""assists"": 0.08, ""clean_sheet"": 1.469, ""goals_conceded"": -0.25, ""cards"": -0.15}"
1345,Alex Sandro,Brazil,DEF,4.5,Morocco,0.84,75.2,2.973,0.661,"{""appearance"": 1.602, ""goals"": 0.161, ""assists"": 0.081, ""clean_sheet"": 1.515, ""goals_conceded"": -0.235, ""cards"": -0.15}"
598,Hossein Kanani,IR Iran,DEF,3.9,New Zealand,0.81,72.8,2.971,0.762,"{""appearance"": 1.555, ""goals"": 0.3, ""assists"": 0.076, ""clean_sheet"": 1.424, ""goals_conceded"": -0.24, ""cards"": -0.146}"
1532,Gilson Benchimol,Cabo Verde,MID,5.0,Spain,0.9,80.0,2.97,0.594,"{""appearance"": 1.695, ""goals"": 0.252, ""assists"": 0.064, ""clean_sheet"": 0.035, ""tackles"": 0.533, ""chances"": 0.533, ""cards"": -0.142}"
610,Mehdi Taremi,IR Iran,FWD,6.1,New Zealand,0.9,80.0,2.968,0.487,"{""appearance"": 1.695, ""goals"": 0.727, ""assists"": 0.146, ""shots_on_target"": 0.489, ""cards"": -0.089}"
161,Benjamin Tahirovic,Bosnia and Herzegovina,MID,5.3,Canada,0.87,77.6,2.967,0.56,"{""appearance"": 1.648, ""goals"": 0.151, ""assists"": 0.112, ""clean_sheet"": 0.159, ""tackles"": 0.517, ""chances"": 0.517, ""cards"": -0.138}"
502,Marcus Thuram,France,FWD,7.5,Senegal,0.87,77.6,2.966,0.395,"{""appearance"": 1.648, ""goals"": 0.758, ""assists"": 0.171, ""shots_on_target"": 0.474, ""cards"": -0.086}"
1058,Teboho Mokoena,South Africa,MID,4.3,Mexico,0.9,80.0,2.965,0.69,"{""appearance"": 1.695, ""goals"": 0.143, ""assists"": 0.078, ""clean_sheet"": 0.125, ""tackles"": 0.533, ""chances"": 0.533, ""cards"": -0.142}"
2021,Azzedine Ounahi,Morocco,MID,6.2,Brazil,0.84,75.2,2.965,0.478,"{""appearance"": 1.602, ""goals"": 0.26, ""assists"": 0.104, ""clean_sheet"": 0.13, ""tackles"": 0.501, ""chances"": 0.501, ""cards"": -0.134}"
889,Alejandro Romero,Paraguay,MID,4.7,USA,0.81,72.8,2.964,0.631,"{""appearance"": 1.555, ""goals"": 0.299, ""assists"": 0.108, ""clean_sheet"": 0.16, ""tackles"": 0.485, ""chances"": 0.485, ""cards"": -0.129}"
76,Patrick Beach,Australia,GK,3.5,Türkiye,0.9,80.0,2.964,0.847,"{""appearance"": 1.695, ""clean_sheet"": 0.678, ""goals_conceded"": -0.807, ""saves"": 1.442, ""cards"": -0.044}"
1586,Çaglar Söyüncü,Türkiye,DEF,4.4,Australia,0.81,72.8,2.962,0.673,"{""appearance"": 1.555, ""goals"": 0.21, ""assists"": 0.086, ""clean_sheet"": 1.478, ""goals_conceded"": -0.222, ""cards"": -0.146}"
1011,Nathan Patterson,Scotland,DEF,4.0,Haiti,0.81,72.8,2.961,0.74,"{""appearance"": 1.555, ""goals"": 0.199, ""assists"": 0.095, ""clean_sheet"": 1.479, ""goals_conceded"": -0.222, ""cards"": -0.146}"
1019,Ché Adams,Scotland,FWD,5.4,Haiti,0.87,77.6,2.96,0.548,"{""appearance"": 1.648, ""goals"": 0.742, ""assists"": 0.182, ""shots_on_target"": 0.474, ""cards"": -0.086}"
321,Ibrahim Sangaré,Côte d'Ivoire,MID,5.8,Ecuador,0.84,75.2,2.959,0.51,"{""appearance"": 1.602, ""goals"": 0.159, ""assists"": 0.108, ""clean_sheet"": 0.221, ""tackles"": 0.501, ""chances"": 0.501, ""cards"": -0.134}"
297,Théo Bongonda,Congo DR,MID,6.2,Portugal,0.87,77.6,2.958,0.477,"{""appearance"": 1.648, ""goals"": 0.256, ""assists"": 0.082, ""clean_sheet"": 0.075, ""tackles"": 0.517, ""chances"": 0.517, ""cards"": -0.138}"
453,Mostafa Shobeir,Egypt,GK,3.5,Belgium,0.9,80.0,2.957,0.845,"{""appearance"": 1.695, ""clean_sheet"": 0.67, ""goals_conceded"": -0.815, ""saves"": 1.452, ""cards"": -0.044}"
1549,Hwang In-Beom,Korea Republic,MID,5.8,Czechia,0.81,72.8,2.95,0.509,"{""appearance"": 1.555, ""goals"": 0.201, ""assists"": 0.138, ""clean_sheet"": 0.214, ""tackles"": 0.485, ""chances"": 0.485, ""cards"": -0.129}"
1284,Otabek Shukurov,Uzbekistan,MID,5.0,Colombia,0.9,80.0,2.947,0.589,"{""appearance"": 1.695, ""goals"": 0.142, ""assists"": 0.08, ""clean_sheet"": 0.106, ""tackles"": 0.533, ""chances"": 0.533, ""cards"": -0.142}"
1057,Jayden Adams,South Africa,MID,4.0,Mexico,0.9,80.0,2.943,0.736,"{""appearance"": 1.695, ""goals"": 0.121, ""assists"": 0.078, ""clean_sheet"": 0.125, ""tackles"": 0.533, ""chances"": 0.533, ""cards"": -0.142}"
221,Derek Cornelius,Canada,DEF,4.0,Bosnia and Herzegovina,0.84,75.2,2.938,0.734,"{""appearance"": 1.602, ""goals"": 0.19, ""assists"": 0.079, ""clean_sheet"": 1.468, ""goals_conceded"": -0.251, ""cards"": -0.15}"
167,Danilo,Brazil,DEF,4.3,Morocco,0.81,72.8,2.935,0.683,"{""appearance"": 1.555, ""goals"": 0.213, ""assists"": 0.079, ""clean_sheet"": 1.461, ""goals_conceded"": -0.228, ""cards"": -0.146}"
372,Juninho Bacuna,Curaçao,MID,5.1,Germany,0.87,77.6,2.933,0.575,"{""appearance"": 1.648, ""goals"": 0.139, ""assists"": 0.084, ""clean_sheet"": 0.017, ""tackles"": 0.517, ""chances"": 0.517, ""cards"": -0.138, ""set_pieces"": 0.148}"
822,Ryan Thomas,New Zealand,MID,5.3,IR Iran,0.84,75.2,2.924,0.552,"{""appearance"": 1.602, ""goals"": 0.182, ""assists"": 0.111, ""clean_sheet"": 0.16, ""tackles"": 0.501, ""chances"": 0.501, ""cards"": -0.134}"
156,Amar Memic,Bosnia and Herzegovina,MID,4.7,Canada,0.84,75.2,2.92,0.621,"{""appearance"": 1.602, ""goals"": 0.186, ""assists"": 0.11, ""clean_sheet"": 0.153, ""tackles"": 0.501, ""chances"": 0.501, ""cards"": -0.134}"
1077,Ronwen Williams,South Africa,GK,4.5,Mexico,0.9,80.0,2.917,0.648,"{""appearance"": 1.695, ""clean_sheet"": 0.623, ""goals_conceded"": -0.869, ""saves"": 1.512, ""cards"": -0.044}"
435,Emam Ashour,Egypt,MID,4.6,Belgium,0.84,75.2,2.913,0.633,"{""appearance"": 1.602, ""goals"": 0.208, ""assists"": 0.109, ""clean_sheet"": 0.125, ""tackles"": 0.501, ""chances"": 0.501, ""cards"": -0.134}"
1520,Alexander Isak,Sweden,FWD,8.0,Tunisia,0.87,77.6,2.91,0.364,"{""appearance"": 1.648, ""goals"": 0.746, ""assists"": 0.128, ""shots_on_target"": 0.474, ""cards"": -0.086}"
1342,Ermin Mahmic,Bosnia and Herzegovina,MID,4.2,Canada,0.81,72.8,2.907,0.692,"{""appearance"": 1.555, ""goals"": 0.255, ""assists"": 0.108, ""clean_sheet"": 0.148, ""tackles"": 0.485, ""chances"": 0.485, ""cards"": -0.129}"
1267,Folarin Balogun,USA,FWD,6.0,Paraguay,0.9,80.0,2.902,0.484,"{""appearance"": 1.695, ""goals"": 0.672, ""assists"": 0.135, ""shots_on_target"": 0.489, ""cards"": -0.089}"
1119,Gabriel Gudmundsson,Sweden,DEF,4.2,Tunisia,0.84,75.2,2.895,0.689,"{""appearance"": 1.602, ""goals"": 0.186, ""assists"": 0.068, ""clean_sheet"": 1.447, ""goals_conceded"": -0.258, ""cards"": -0.15}"
1030,Pape Matar Sarr,Senegal,MID,5.6,France,0.87,77.6,2.891,0.516,"{""appearance"": 1.648, ""goals"": 0.146, ""assists"": 0.091, ""clean_sheet"": 0.108, ""tackles"": 0.517, ""chances"": 0.517, ""cards"": -0.138}"
656,Zidane Iqbal,Iraq,MID,5.6,Norway,0.9,80.0,2.889,0.516,"{""appearance"": 1.695, ""goals"": 0.128, ""assists"": 0.079, ""clean_sheet"": 0.062, ""tackles"": 0.533, ""chances"": 0.533, ""cards"": -0.142}"
1062,Yaya Sithole,South Africa,MID,5.1,Mexico,0.9,80.0,2.888,0.566,"{""appearance"": 1.695, ""goals"": 0.067, ""assists"": 0.077, ""clean_sheet"": 0.125, ""tackles"": 0.533, ""chances"": 0.533, ""cards"": -0.142}"
591,Johny Placide,Haiti,GK,3.9,Scotland,0.9,80.0,2.887,0.74,"{""appearance"": 1.695, ""clean_sheet"": 0.588, ""goals_conceded"": -0.912, ""saves"": 1.56, ""cards"": -0.044}"
294,Noah Sadiki,Congo DR,MID,5.3,Portugal,0.9,80.0,2.883,0.544,"{""appearance"": 1.695, ""goals"": 0.103, ""assists"": 0.083, ""clean_sheet"": 0.078, ""tackles"": 0.533, ""chances"": 0.533, ""cards"": -0.142}"
395,Michal Sadílek,Czechia,MID,5.6,Korea Republic,0.81,72.8,2.882,0.515,"{""appearance"": 1.555, ""goals"": 0.137, ""assists"": 0.135, ""clean_sheet"": 0.213, ""tackles"": 0.485, ""chances"": 0.485, ""cards"": -0.129}"
298,Christ Inao Oulaï,Côte d'Ivoire,MID,4.6,Ecuador,0.81,72.8,2.88,0.626,"{""appearance"": 1.555, ""goals"": 0.164, ""assists"": 0.105, ""clean_sheet"": 0.213, ""tackles"": 0.485, ""chances"": 0.485, ""cards"": -0.129}"
1056,Habib Diarra,Senegal,MID,6.2,France,0.84,75.2,2.879,0.464,"{""appearance"": 1.602, ""goals"": 0.214, ""assists"": 0.09, ""clean_sheet"": 0.104, ""tackles"": 0.501, ""chances"": 0.501, ""cards"": -0.134}"
116,Arthur Theate,Belgium,DEF,4.5,Egypt,0.81,72.8,2.879,0.64,"{""appearance"": 1.555, ""goals"": 0.186, ""assists"": 0.081, ""clean_sheet"": 1.437, ""goals_conceded"": -0.235, ""cards"": -0.146}"
1259,Chris Richards,USA,DEF,4.1,Paraguay,0.84,75.2,2.871,0.7,"{""appearance"": 1.602, ""goals"": 0.201, ""assists"": 0.071, ""clean_sheet"": 1.416, ""goals_conceded"": -0.269, ""cards"": -0.15}"
867,Yoel Bárcenas,Panama,MID,5.6,Ghana,0.87,77.6,2.87,0.513,"{""appearance"": 1.648, ""assists"": 0.137, ""clean_sheet"": 0.188, ""tackles"": 0.517, ""chances"": 0.517, ""cards"": -0.138}"
1509,Jassem Gaber,Qatar,MID,5.0,Switzerland,0.9,80.0,2.865,0.573,"{""appearance"": 1.695, ""goals"": 0.105, ""assists"": 0.073, ""clean_sheet"": 0.068, ""tackles"": 0.533, ""chances"": 0.533, ""cards"": -0.142}"
681,Ao Tanaka,Japan,MID,5.0,Netherlands,0.81,72.8,2.865,0.573,"{""appearance"": 1.555, ""goals"": 0.183, ""assists"": 0.136, ""clean_sheet"": 0.149, ""tackles"": 0.485, ""chances"": 0.485, ""cards"": -0.129}"
1051,Édouard Mendy,Senegal,GK,4.5,France,0.9,80.0,2.862,0.636,"{""appearance"": 1.695, ""clean_sheet"": 0.559, ""goals_conceded"": -0.951, ""saves"": 1.603, ""cards"": -0.044}"
404,Joel Ordóñez,Ecuador,DEF,3.9,Côte d'Ivoire,0.81,72.8,2.861,0.733,"{""appearance"": 1.555, ""goals"": 0.135, ""assists"": 0.055, ""clean_sheet"": 1.481, ""goals_conceded"": -0.221, ""cards"": -0.146}"
657,Ibrahim Bayesh,Iraq,MID,5.6,Norway,0.87,77.6,2.86,0.511,"{""appearance"": 1.648, ""goals"": 0.178, ""assists"": 0.077, ""clean_sheet"": 0.06, ""tackles"": 0.517, ""chances"": 0.517, ""cards"": -0.138}"
869,Aníbal Godoy,Panama,MID,5.6,Ghana,0.81,72.8,2.858,0.51,"{""appearance"": 1.555, ""goals"": 0.154, ""assists"": 0.132, ""clean_sheet"": 0.175, ""tackles"": 0.485, ""chances"": 0.485, ""cards"": -0.129}"
750,Julián Quiñones,Mexico,FWD,5.6,South Africa,0.9,80.0,2.857,0.51,"{""appearance"": 1.695, ""goals"": 0.605, ""assists"": 0.157, ""shots_on_target"": 0.489, ""cards"": -0.089}"
350,Tahith Chong,Curaçao,MID,4.2,Germany,0.9,80.0,2.855,0.68,"{""appearance"": 1.695, ""goals"": 0.132, ""assists"": 0.085, ""clean_sheet"": 0.018, ""tackles"": 0.533, ""chances"": 0.533, ""cards"": -0.142}"
1291,Jaloliddin Masharipov,Uzbekistan,MID,6.1,Colombia,0.84,75.2,2.854,0.468,"{""appearance"": 1.602, ""goals"": 0.208, ""assists"": 0.076, ""clean_sheet"": 0.099, ""tackles"": 0.501, ""chances"": 0.501, ""cards"": -0.134}"
26,Houssem Aouar,Algeria,MID,6.0,Argentina,0.84,75.2,2.854,0.476,"{""appearance"": 1.602, ""goals"": 0.204, ""assists"": 0.084, ""clean_sheet"": 0.095, ""tackles"": 0.501, ""chances"": 0.501, ""cards"": -0.134}"
1001,Mohammed Al Owais,Saudi Arabia,GK,3.5,Uruguay,0.9,80.0,2.843,0.812,"{""appearance"": 1.695, ""clean_sheet"": 0.538, ""goals_conceded"": -0.98, ""saves"": 1.635, ""cards"": -0.044}"
1537,Mateo Kovacic,Croatia,MID,6.0,England,0.84,75.2,2.843,0.474,"{""appearance"": 1.602, ""goals"": 0.131, ""assists"": 0.104, ""clean_sheet"": 0.138, ""tackles"": 0.501, ""chances"": 0.501, ""cards"": -0.134}"
368,Eloy Room,Curaçao,GK,3.9,Germany,0.4,40.0,2.84,0.728,"{""appearance"": 0.92, ""clean_sheet"": 0.039, ""goals_conceded"": -1.244, ""saves"": 3.147, ""cards"": -0.022}"
1508,Abdulaziz Hatem,Qatar,MID,5.3,Switzerland,0.87,77.6,2.839,0.536,"{""appearance"": 1.648, ""goals"": 0.156, ""assists"": 0.071, ""clean_sheet"": 0.066, ""tackles"": 0.517, ""chances"": 0.517, ""cards"": -0.138}"
1992,Antoine Semenyo,Ghana,FWD,7.2,Panama,0.9,80.0,2.837,0.394,"{""appearance"": 1.695, ""goals"": 0.607, ""assists"": 0.136, ""shots_on_target"": 0.489, ""cards"": -0.089}"
1311,Abduvokhid Ne'matov,Uzbekistan,GK,4.0,Colombia,0.9,80.0,2.836,0.709,"{""appearance"": 1.695, ""clean_sheet"": 0.529, ""goals_conceded"": -0.992, ""saves"": 1.648, ""cards"": -0.044}"
463,Ezri Konsa,England,DEF,4.8,Croatia,0.81,72.8,2.833,0.59,"{""appearance"": 1.555, ""goals"": 0.171, ""assists"": 0.078, ""clean_sheet"": 1.416, ""goals_conceded"": -0.242, ""cards"": -0.146}"
2022,Bilal El Khannouss,Morocco,MID,6.2,Brazil,0.81,72.8,2.832,0.457,"{""appearance"": 1.555, ""goals"": 0.209, ""assists"": 0.102, ""clean_sheet"": 0.125, ""tackles"": 0.485, ""chances"": 0.485, ""cards"": -0.129}"
227,Cyle Larin,Canada,FWD,6.2,Bosnia and Herzegovina,0.87,77.6,2.831,0.457,"{""appearance"": 1.648, ""goals"": 0.647, ""assists"": 0.147, ""shots_on_target"": 0.474, ""cards"": -0.086}"
688,Noor Al Rawabdeh,Jordan,MID,4.7,Austria,0.84,75.2,2.83,0.602,"{""appearance"": 1.602, ""goals"": 0.183, ""assists"": 0.104, ""clean_sheet"": 0.072, ""tackles"": 0.501, ""chances"": 0.501, ""cards"": -0.134}"
572,Carl Sainté,Haiti,MID,4.7,Scotland,0.84,75.2,2.829,0.602,"{""appearance"": 1.602, ""goals"": 0.133, ""assists"": 0.115, ""clean_sheet"": 0.11, ""tackles"": 0.501, ""chances"": 0.501, ""cards"": -0.134}"
1238,Brian Rodríguez,Uruguay,FWD,6.2,Saudi Arabia,0.87,77.6,2.821,0.455,"{""appearance"": 1.648, ""goals"": 0.612, ""assists"": 0.172, ""shots_on_target"": 0.474, ""cards"": -0.086}"
81,Aiden O'Neill,Australia,MID,5.4,Türkiye,0.84,75.2,2.82,0.522,"{""appearance"": 1.602, ""goals"": 0.117, ""assists"": 0.106, ""clean_sheet"": 0.127, ""tackles"": 0.501, ""chances"": 0.501, ""cards"": -0.134}"
1979,Marvin Senaya,Ghana,DEF,3.5,Panama,0.9,80.0,2.82,0.806,"{""appearance"": 1.695, ""goals"": 0.167, ""assists"": 0.075, ""clean_sheet"": 1.381, ""goals_conceded"": -0.338, ""cards"": -0.16}"
83,Ajdin Hrustic,Australia,MID,5.7,Türkiye,0.81,72.8,2.82,0.495,"{""appearance"": 1.555, ""goals"": 0.197, ""assists"": 0.104, ""clean_sheet"": 0.122, ""tackles"": 0.485, ""chances"": 0.485, ""cards"": -0.129}"
804,Cody Gakpo,Netherlands,FWD,7.7,Japan,0.9,80.0,2.82,0.366,"{""appearance"": 1.695, ""goals"": 0.59, ""assists"": 0.135, ""shots_on_target"": 0.489, ""cards"": -0.089}"
612,Saman Ghoddos,IR Iran,FWD,4.9,New Zealand,0.87,77.6,2.818,0.575,"{""appearance"": 1.648, ""goals"": 0.252, ""assists"": 0.137, ""shots_on_target"": 0.474, ""cards"": -0.086, ""set_pieces"": 0.392}"
19,Melvin Mastil,Algeria,GK,3.5,Argentina,0.9,80.0,2.818,0.805,"{""appearance"": 1.695, ""clean_sheet"": 0.509, ""goals_conceded"": -1.022, ""saves"": 1.681, ""cards"": -0.044}"
225,Luc De Fougerolles,Canada,DEF,3.5,Bosnia and Herzegovina,0.81,72.8,2.817,0.805,"{""appearance"": 1.555, ""goals"": 0.158, ""assists"": 0.077, ""clean_sheet"": 1.415, ""goals_conceded"": -0.243, ""cards"": -0.146}"
1264,Alexander Freeman,USA,DEF,4.0,Paraguay,0.81,72.8,2.802,0.7,"{""appearance"": 1.555, ""goals"": 0.217, ""assists"": 0.069, ""clean_sheet"": 1.365, ""goals_conceded"": -0.26, ""cards"": -0.146}"
347,Mario Pasalic,Croatia,MID,6.4,England,0.81,72.8,2.794,0.437,"{""appearance"": 1.555, ""goals"": 0.163, ""assists"": 0.101, ""clean_sheet"": 0.133, ""tackles"": 0.485, ""chances"": 0.485, ""cards"": -0.129}"
881,Cecilio Waterman,Panama,FWD,5.0,Ghana,0.9,80.0,2.794,0.559,"{""appearance"": 1.695, ""goals"": 0.595, ""assists"": 0.104, ""shots_on_target"": 0.489, ""cards"": -0.089}"
181,Endrick,Brazil,FWD,5.5,Morocco,0.87,77.6,2.789,0.507,"{""appearance"": 1.648, ""goals"": 0.603, ""assists"": 0.15, ""shots_on_target"": 0.474, ""cards"": -0.086}"
174,Matheus Cunha,Brazil,FWD,7.3,Morocco,0.9,80.0,2.779,0.381,"{""appearance"": 1.695, ""goals"": 0.532, ""assists"": 0.152, ""shots_on_target"": 0.489, ""cards"": -0.089}"
296,Edo Kayembe,Congo DR,MID,5.6,Portugal,0.84,75.2,2.778,0.496,"{""appearance"": 1.602, ""goals"": 0.154, ""assists"": 0.079, ""clean_sheet"": 0.073, ""tackles"": 0.501, ""chances"": 0.501, ""cards"": -0.134}"
1208,Oguz Aydin,Türkiye,FWD,5.0,Australia,0.9,80.0,2.775,0.555,"{""appearance"": 1.695, ""goals"": 0.515, ""assists"": 0.166, ""shots_on_target"": 0.489, ""cards"": -0.089}"
382,Patrik Schick,Czechia,FWD,7.3,Korea Republic,0.9,80.0,2.773,0.38,"{""appearance"": 1.695, ""goals"": 0.573, ""assists"": 0.106, ""shots_on_target"": 0.489, ""cards"": -0.089}"
1266,Ricardo Pepi,USA,FWD,5.9,Paraguay,0.87,77.6,2.768,0.469,"{""appearance"": 1.648, ""goals"": 0.6, ""assists"": 0.131, ""shots_on_target"": 0.474, ""cards"": -0.086}"
1120,Carl Starfelt,Sweden,DEF,4.1,Tunisia,0.81,72.8,2.766,0.675,"{""appearance"": 1.555, ""goals"": 0.144, ""assists"": 0.066, ""clean_sheet"": 1.395, ""goals_conceded"": -0.249, ""cards"": -0.146}"
573,Danley Jean Jacques,Haiti,MID,4.7,Scotland,0.81,72.8,2.757,0.587,"{""appearance"": 1.555, ""goals"": 0.142, ""assists"": 0.113, ""clean_sheet"": 0.106, ""tackles"": 0.485, ""chances"": 0.485, ""cards"": -0.129}"
1290,Jamshid Iskanderov,Uzbekistan,MID,5.7,Colombia,0.81,72.8,2.757,0.484,"{""appearance"": 1.555, ""goals"": 0.191, ""assists"": 0.074, ""clean_sheet"": 0.095, ""tackles"": 0.485, ""chances"": 0.485, ""cards"": -0.129}"
796,Virgil van Dijk,Netherlands,DEF,5.5,Japan,0.9,80.0,2.75,0.5,"{""appearance"": 1.695, ""goals"": 0.277, ""assists"": 0.076, ""clean_sheet"": 1.256, ""goals_conceded"": -0.393, ""cards"": -0.16}"
1032,Pape Gueye,Senegal,MID,5.9,France,0.81,72.8,2.747,0.466,"{""appearance"": 1.555, ""goals"": 0.163, ""assists"": 0.087, ""clean_sheet"": 0.101, ""tackles"": 0.485, ""chances"": 0.485, ""cards"": -0.129}"
1206,Baris Alper Yilmaz,Türkiye,FWD,6.1,Australia,0.87,77.6,2.739,0.449,"{""appearance"": 1.648, ""goals"": 0.54, ""assists"": 0.163, ""shots_on_target"": 0.474, ""cards"": -0.086}"
1987,Iñaki Williams,Ghana,FWD,5.9,Panama,0.87,77.6,2.726,0.462,"{""appearance"": 1.648, ""goals"": 0.557, ""assists"": 0.132, ""shots_on_target"": 0.474, ""cards"": -0.086}"
687,Mohammad Al Daoud,Jordan,MID,4.7,Austria,0.87,77.6,2.725,0.58,"{""appearance"": 1.648, ""assists"": 0.105, ""clean_sheet"": 0.074, ""tackles"": 0.517, ""chances"": 0.517, ""cards"": -0.138}"
635,Amir Al Ammari,Iraq,MID,5.3,Norway,0.84,75.2,2.718,0.513,"{""appearance"": 1.602, ""goals"": 0.114, ""assists"": 0.075, ""clean_sheet"": 0.058, ""tackles"": 0.501, ""chances"": 0.501, ""cards"": -0.134}"
27,Farès Chaïbi,Algeria,MID,6.2,Argentina,0.81,72.8,2.717,0.438,"{""appearance"": 1.555, ""goals"": 0.147, ""assists"": 0.082, ""clean_sheet"": 0.092, ""tackles"": 0.485, ""chances"": 0.485, ""cards"": -0.129}"
795,Denzel Dumfries,Netherlands,DEF,5.7,Japan,0.87,77.6,2.716,0.476,"{""appearance"": 1.648, ""goals"": 0.316, ""assists"": 0.074, ""clean_sheet"": 1.214, ""goals_conceded"": -0.381, ""cards"": -0.155}"
455,Mohanad Lasheen,Egypt,MID,5.3,Belgium,0.81,72.8,2.712,0.512,"{""appearance"": 1.555, ""goals"": 0.09, ""assists"": 0.105, ""clean_sheet"": 0.121, ""tackles"": 0.485, ""chances"": 0.485, ""cards"": -0.129}"
289,Lionel Mpasi,Congo DR,GK,4.0,Portugal,0.9,80.0,2.711,0.678,"{""appearance"": 1.695, ""clean_sheet"": 0.389, ""goals_conceded"": -1.232, ""saves"": 1.904, ""cards"": -0.044}"
942,Mohammad Al Mannai,Qatar,MID,4.2,Switzerland,0.81,72.8,2.71,0.645,"{""appearance"": 1.555, ""goals"": 0.184, ""assists"": 0.068, ""clean_sheet"": 0.062, ""tackles"": 0.485, ""chances"": 0.485, ""cards"": -0.129}"
710,Abdallah Al Fakhouri,Jordan,GK,3.6,Austria,0.9,80.0,2.707,0.752,"{""appearance"": 1.695, ""clean_sheet"": 0.384, ""goals_conceded"": -1.243, ""saves"": 1.915, ""cards"": -0.044}"
195,João Paulo,Cabo Verde,MID,4.6,Spain,0.87,77.6,2.706,0.588,"{""appearance"": 1.648, ""goals"": 0.065, ""assists"": 0.062, ""clean_sheet"": 0.033, ""tackles"": 0.517, ""chances"": 0.517, ""cards"": -0.138}"
1975,Kojo Peprah Oppong,Ghana,DEF,3.5,Panama,0.87,77.6,2.704,0.773,"{""appearance"": 1.648, ""goals"": 0.13, ""assists"": 0.073, ""clean_sheet"": 1.335, ""goals_conceded"": -0.327, ""cards"": -0.155}"
1957,Nasser Al Dawsari,Saudi Arabia,MID,5.2,Uruguay,0.81,72.8,2.702,0.52,"{""appearance"": 1.555, ""goals"": 0.127, ""assists"": 0.082, ""clean_sheet"": 0.097, ""tackles"": 0.485, ""chances"": 0.485, ""cards"": -0.129}"
295,Charles Pickel,Congo DR,MID,5.3,Portugal,0.81,72.8,2.695,0.509,"{""appearance"": 1.555, ""goals"": 0.151, ""assists"": 0.078, ""clean_sheet"": 0.07, ""tackles"": 0.485, ""chances"": 0.485, ""cards"": -0.129}"
1546,Raja'ei Ayed,Jordan,MID,4.5,Austria,0.81,72.8,2.692,0.598,"{""appearance"": 1.555, ""goals"": 0.125, ""assists"": 0.101, ""clean_sheet"": 0.069, ""tackles"": 0.485, ""chances"": 0.485, ""cards"": -0.129}"
947,Assim Madibo,Qatar,MID,5.1,Switzerland,0.84,75.2,2.682,0.526,"{""appearance"": 1.602, ""goals"": 0.078, ""assists"": 0.069, ""clean_sheet"": 0.064, ""tackles"": 0.501, ""chances"": 0.501, ""cards"": -0.134}"
1162,Hadj Mahmoud,Tunisia,MID,4.9,Sweden,0.81,72.8,2.67,0.545,"{""appearance"": 1.555, ""assists"": 0.112, ""clean_sheet"": 0.161, ""tackles"": 0.485, ""chances"": 0.485, ""cards"": -0.129}"
971,Mahmud Abunada,Qatar,GK,3.5,Switzerland,0.9,80.0,2.668,0.762,"{""appearance"": 1.695, ""clean_sheet"": 0.342, ""goals_conceded"": -1.336, ""saves"": 2.011, ""cards"": -0.044}"
672,Ayase Ueda,Japan,FWD,7.0,Netherlands,0.9,80.0,2.667,0.381,"{""appearance"": 1.695, ""goals"": 0.466, ""assists"": 0.105, ""shots_on_target"": 0.489, ""cards"": -0.089}"
215,CJ dos Santos,Cabo Verde,GK,3.6,Spain,0.12,17.6,2.661,0.739,"{""appearance"": 0.486, ""clean_sheet"": 0.023, ""goals_conceded"": -0.419, ""saves"": 2.581, ""cards"": -0.01}"
351,Godfried Roemeratoe,Curaçao,MID,4.7,Germany,0.84,75.2,2.658,0.566,"{""appearance"": 1.602, ""goals"": 0.089, ""assists"": 0.081, ""clean_sheet"": 0.016, ""tackles"": 0.501, ""chances"": 0.501, ""cards"": -0.134}"
127,Dodi Lukébakio,Belgium,FWD,5.9,Egypt,0.87,77.6,2.657,0.45,"{""appearance"": 1.648, ""goals"": 0.469, ""assists"": 0.151, ""shots_on_target"": 0.474, ""cards"": -0.086}"
219,Laros Duarte,Cabo Verde,MID,5.1,Spain,0.84,75.2,2.654,0.52,"{""appearance"": 1.602, ""goals"": 0.09, ""assists"": 0.061, ""clean_sheet"": 0.032, ""tackles"": 0.501, ""chances"": 0.501, ""cards"": -0.134}"
68,Nestory Irankunda,Australia,FWD,5.1,Türkiye,0.87,77.6,2.649,0.519,"{""appearance"": 1.648, ""goals"": 0.313, ""assists"": 0.078, ""shots_on_target"": 0.474, ""cards"": -0.086, ""set_pieces"": 0.222}"
1976,Jonas Adjetey,Ghana,DEF,3.5,Panama,0.84,75.2,2.648,0.757,"{""appearance"": 1.602, ""goals"": 0.154, ""assists"": 0.071, ""clean_sheet"": 1.289, ""goals_conceded"": -0.317, ""cards"": -0.15}"
1563,Jalal Hassan,Iraq,GK,3.9,Norway,0.9,80.0,2.64,0.677,"{""appearance"": 1.695, ""clean_sheet"": 0.312, ""goals_conceded"": -1.411, ""saves"": 2.088, ""cards"": -0.044}"
879,Ismael Díaz,Panama,FWD,4.9,Ghana,0.87,77.6,2.64,0.539,"{""appearance"": 1.648, ""goals"": 0.503, ""assists"": 0.1, ""shots_on_target"": 0.474, ""cards"": -0.086}"
752,Roberto Alvarado,Mexico,FWD,5.3,South Africa,0.9,80.0,2.635,0.497,"{""appearance"": 1.695, ""goals"": 0.386, ""assists"": 0.154, ""shots_on_target"": 0.489, ""cards"": -0.089}"
636,Aimar Sher,Iraq,MID,5.3,Norway,0.81,72.8,2.624,0.495,"{""appearance"": 1.555, ""goals"": 0.097, ""assists"": 0.073, ""clean_sheet"": 0.056, ""tackles"": 0.485, ""chances"": 0.485, ""cards"": -0.129}"
147,Edin Dzeko,Bosnia and Herzegovina,FWD,6.1,Canada,0.9,80.0,2.618,0.429,"{""appearance"": 1.695, ""goals"": 0.44, ""assists"": 0.083, ""shots_on_target"": 0.489, ""cards"": -0.089}"
371,Kevin Felida,Curaçao,MID,4.5,Germany,0.81,72.8,2.612,0.58,"{""appearance"": 1.555, ""goals"": 0.119, ""assists"": 0.08, ""clean_sheet"": 0.016, ""tackles"": 0.485, ""chances"": 0.485, ""cards"": -0.129}"
214,Vozinha,Cabo Verde,GK,3.9,Spain,0.4,40.0,2.603,0.667,"{""appearance"": 0.92, ""clean_sheet"": 0.077, ""goals_conceded"": -0.952, ""saves"": 2.581, ""cards"": -0.022}"
217,Telmo Arcanjo,Cabo Verde,MID,4.9,Spain,0.81,72.8,2.595,0.53,"{""appearance"": 1.555, ""goals"": 0.108, ""assists"": 0.059, ""clean_sheet"": 0.031, ""tackles"": 0.485, ""chances"": 0.485, ""cards"": -0.129}"
673,Koki Ogawa,Japan,FWD,4.9,Netherlands,0.87,77.6,2.595,0.53,"{""appearance"": 1.648, ""goals"": 0.456, ""assists"": 0.103, ""shots_on_target"": 0.474, ""cards"": -0.086}"
1973,Abdul Baba,Ghana,DEF,3.9,Panama,0.81,72.8,2.583,0.662,"{""appearance"": 1.555, ""goals"": 0.167, ""assists"": 0.07, ""clean_sheet"": 1.243, ""goals_conceded"": -0.307, ""cards"": -0.146}"
310,Amad Diallo,Côte d'Ivoire,FWD,5.9,Ecuador,0.87,77.6,2.581,0.437,"{""appearance"": 1.648, ""goals"": 0.245, ""assists"": 0.078, ""shots_on_target"": 0.474, ""cards"": -0.086, ""set_pieces"": 0.221}"
445,Omar Marmoush,Egypt,FWD,7.8,Belgium,0.9,80.0,2.577,0.33,"{""appearance"": 1.695, ""goals"": 0.4, ""assists"": 0.082, ""shots_on_target"": 0.489, ""cards"": -0.089}"
421,Jeremy Arévalo,Ecuador,FWD,4.0,Côte d'Ivoire,0.87,77.6,2.576,0.644,"{""appearance"": 1.648, ""goals"": 0.435, ""assists"": 0.104, ""shots_on_target"": 0.474, ""cards"": -0.086}"
582,Wilson Isidor,Haiti,FWD,5.0,Scotland,0.9,80.0,2.548,0.51,"{""appearance"": 1.695, ""goals"": 0.366, ""assists"": 0.087, ""shots_on_target"": 0.489, ""cards"": -0.089}"
1493,Chris Wood,New Zealand,FWD,6.5,IR Iran,0.87,77.6,2.542,0.391,"{""appearance"": 1.648, ""goals"": 0.424, ""assists"": 0.082, ""shots_on_target"": 0.474, ""cards"": -0.086}"
701,Mousa Al Tamari,Jordan,FWD,5.6,Austria,0.9,80.0,2.542,0.454,"{""appearance"": 1.695, ""goals"": 0.369, ""assists"": 0.078, ""shots_on_target"": 0.489, ""cards"": -0.089}"
1547,Ali Olwan,Jordan,FWD,4.2,Austria,0.87,77.6,2.538,0.604,"{""appearance"": 1.648, ""goals"": 0.424, ""assists"": 0.077, ""shots_on_target"": 0.474, ""cards"": -0.086}"
374,Ladislav Krejcí,Czechia,DEF,4.4,Korea Republic,0.87,77.6,2.537,0.577,"{""appearance"": 1.648, ""goals"": 0.258, ""assists"": 0.058, ""clean_sheet"": 1.144, ""goals_conceded"": -0.416, ""cards"": -0.155}"
902,Antonio Sanabria,Paraguay,FWD,6.5,USA,0.9,80.0,2.53,0.389,"{""appearance"": 1.695, ""goals"": 0.353, ""assists"": 0.082, ""shots_on_target"": 0.489, ""cards"": -0.089}"
958,Akram Afif,Qatar,FWD,5.9,Switzerland,0.9,80.0,2.527,0.428,"{""appearance"": 1.695, ""goals"": 0.229, ""assists"": 0.052, ""shots_on_target"": 0.489, ""cards"": -0.089, ""set_pieces"": 0.151}"
2006,Mohamed Touré,Australia,FWD,5.0,Türkiye,0.9,80.0,2.526,0.505,"{""appearance"": 1.695, ""goals"": 0.351, ""assists"": 0.08, ""shots_on_target"": 0.489, ""cards"": -0.089}"
797,Micky van de Ven,Netherlands,DEF,5.1,Japan,0.84,75.2,2.52,0.494,"{""appearance"": 1.602, ""goals"": 0.195, ""assists"": 0.072, ""clean_sheet"": 1.172, ""goals_conceded"": -0.37, ""cards"": -0.15}"
1181,Rayan Elloumi,Tunisia,FWD,4.0,Sweden,0.87,77.6,2.516,0.629,"{""appearance"": 1.648, ""goals"": 0.395, ""assists"": 0.085, ""shots_on_target"": 0.474, ""cards"": -0.086}"
715,Kim Min-Jae,Korea Republic,DEF,5.0,Czechia,0.9,80.0,2.515,0.503,"{""appearance"": 1.695, ""goals"": 0.161, ""assists"": 0.06, ""clean_sheet"": 1.187, ""goals_conceded"": -0.427, ""cards"": -0.16}"
216,Márcio da Rosa,Cabo Verde,GK,3.5,Spain,0.9,80.0,2.5,0.714,"{""appearance"": 1.695, ""clean_sheet"": 0.173, ""goals_conceded"": -1.904, ""saves"": 2.581, ""cards"": -0.044}"
380,Vladimír Coufal,Czechia,DEF,3.6,Korea Republic,0.9,80.0,2.495,0.693,"{""appearance"": 1.695, ""goals"": 0.147, ""assists"": 0.058, ""clean_sheet"": 1.184, ""goals_conceded"": -0.429, ""cards"": -0.16}"
1306,Eldor Shomurodov,Uzbekistan,FWD,6.5,Colombia,0.9,80.0,2.494,0.384,"{""appearance"": 1.695, ""goals"": 0.342, ""assists"": 0.057, ""shots_on_target"": 0.489, ""cards"": -0.089}"
724,Hwang Hee-Chan,Korea Republic,FWD,6.1,Czechia,0.87,77.6,2.493,0.409,"{""appearance"": 1.648, ""goals"": 0.353, ""assists"": 0.104, ""shots_on_target"": 0.474, ""cards"": -0.086}"
332,Ante Budimir,Croatia,FWD,6.8,England,0.87,77.6,2.482,0.365,"{""appearance"": 1.648, ""goals"": 0.369, ""assists"": 0.076, ""shots_on_target"": 0.474, ""cards"": -0.086}"
777,Ayoub El Kaabi,Morocco,FWD,5.9,Brazil,0.87,77.6,2.478,0.42,"{""appearance"": 1.648, ""goals"": 0.366, ""assists"": 0.076, ""shots_on_target"": 0.474, ""cards"": -0.086}"
1427,Adam Hlozek,Czechia,FWD,6.5,Korea Republic,0.87,77.6,2.476,0.381,"{""appearance"": 1.648, ""goals"": 0.338, ""assists"": 0.101, ""shots_on_target"": 0.474, ""cards"": -0.086}"
646,Aymen Hussein,Iraq,FWD,5.3,Norway,0.9,80.0,2.472,0.466,"{""appearance"": 1.695, ""goals"": 0.321, ""assists"": 0.056, ""shots_on_target"": 0.489, ""cards"": -0.089}"
146,Ermedin Demirovic,Bosnia and Herzegovina,FWD,6.2,Canada,0.87,77.6,2.471,0.399,"{""appearance"": 1.648, ""goals"": 0.354, ""assists"": 0.08, ""shots_on_target"": 0.474, ""cards"": -0.086}"
583,Duckens Nazon,Haiti,FWD,6.0,Scotland,0.87,77.6,2.464,0.411,"{""appearance"": 1.648, ""goals"": 0.343, ""assists"": 0.085, ""shots_on_target"": 0.474, ""cards"": -0.086}"
307,Yan Diomande,Côte d'Ivoire,FWD,5.9,Ecuador,0.9,80.0,2.454,0.416,"{""appearance"": 1.695, ""goals"": 0.278, ""assists"": 0.08, ""shots_on_target"": 0.489, ""cards"": -0.089}"
303,Guéla Doué,Côte d'Ivoire,DEF,3.9,Ecuador,0.9,80.0,2.452,0.629,"{""appearance"": 1.695, ""goals"": 0.113, ""assists"": 0.045, ""clean_sheet"": 1.186, ""goals_conceded"": -0.428, ""cards"": -0.16}"
281,Yoane Wissa,Congo DR,FWD,6.2,Portugal,0.9,80.0,2.438,0.393,"{""appearance"": 1.695, ""goals"": 0.284, ""assists"": 0.059, ""shots_on_target"": 0.489, ""cards"": -0.089}"
904,Álex Arce,Paraguay,FWD,4.9,USA,0.87,77.6,2.436,0.497,"{""appearance"": 1.648, ""goals"": 0.319, ""assists"": 0.08, ""shots_on_target"": 0.474, ""cards"": -0.086}"
1183,Khalil Ayari,Tunisia,FWD,4.0,Sweden,0.9,80.0,2.435,0.609,"{""appearance"": 1.695, ""goals"": 0.254, ""assists"": 0.086, ""shots_on_target"": 0.489, ""cards"": -0.089}"
798,Nathan Aké,Netherlands,DEF,5.0,Japan,0.81,72.8,2.433,0.487,"{""appearance"": 1.555, ""goals"": 0.181, ""assists"": 0.07, ""clean_sheet"": 1.13, ""goals_conceded"": -0.358, ""cards"": -0.146}"
993,Abdullah Al Hamddan,Saudi Arabia,FWD,4.9,Uruguay,0.9,80.0,2.432,0.496,"{""appearance"": 1.695, ""goals"": 0.274, ""assists"": 0.062, ""shots_on_target"": 0.489, ""cards"": -0.089}"
995,Saleh Al Shehri,Saudi Arabia,FWD,4.9,Uruguay,0.87,77.6,2.42,0.494,"{""appearance"": 1.648, ""goals"": 0.322, ""assists"": 0.061, ""shots_on_target"": 0.474, ""cards"": -0.086}"
653,Ahmed Basil,Iraq,GK,3.8,Norway,0.4,40.0,2.419,0.637,"{""appearance"": 0.92, ""clean_sheet"": 0.139, ""goals_conceded"": -0.705, ""saves"": 2.088, ""cards"": -0.022}"
334,Ivan Perisic,Croatia,FWD,5.4,England,0.9,80.0,2.411,0.447,"{""appearance"": 1.695, ""goals"": 0.239, ""assists"": 0.077, ""shots_on_target"": 0.489, ""cards"": -0.089}"
1599,Nadiem Amiri,Germany,MID,6.3,Curaçao,0.4,40.0,2.406,0.382,"{""appearance"": 0.92, ""goals"": 0.545, ""assists"": 0.285, ""clean_sheet"": 0.194, ""tackles"": 0.267, ""chances"": 0.267, ""cards"": -0.071}"
1042,Iliman Ndiaye,Senegal,FWD,6.5,France,0.9,80.0,2.4,0.369,"{""appearance"": 1.695, ""goals"": 0.238, ""assists"": 0.066, ""shots_on_target"": 0.489, ""cards"": -0.089}"
872,Éric Davis,Panama,DEF,3.9,Ghana,0.84,75.2,2.398,0.615,"{""appearance"": 1.602, ""goals"": 0.243, ""assists"": 0.055, ""clean_sheet"": 0.908, ""goals_conceded"": -0.521, ""cards"": -0.15, ""set_pieces"": 0.261}"
370,Tyrick Bodak,Curaçao,GK,3.5,Germany,0.9,80.0,2.397,0.685,"{""appearance"": 1.695, ""clean_sheet"": 0.088, ""goals_conceded"": -2.488, ""saves"": 3.147, ""cards"": -0.044}"
968,Meshaal Barsham,Qatar,GK,4.1,Switzerland,0.4,40.0,2.393,0.584,"{""appearance"": 0.92, ""clean_sheet"": 0.152, ""goals_conceded"": -0.668, ""saves"": 2.011, ""cards"": -0.022}"
1548,Lee Gi-Hyuk,Korea Republic,DEF,4.5,Czechia,0.87,77.6,2.385,0.53,"{""appearance"": 1.648, ""goals"": 0.101, ""assists"": 0.058, ""clean_sheet"": 1.147, ""goals_conceded"": -0.414, ""cards"": -0.155}"
1071,Lyle Foster,South Africa,FWD,5.4,Mexico,0.9,80.0,2.385,0.442,"{""appearance"": 1.695, ""goals"": 0.235, ""assists"": 0.055, ""shots_on_target"": 0.489, ""cards"": -0.089}"
716,Seol Young-Woo,Korea Republic,DEF,4.2,Czechia,0.84,75.2,2.382,0.567,"{""appearance"": 1.602, ""goals"": 0.167, ""assists"": 0.057, ""clean_sheet"": 1.108, ""goals_conceded"": -0.402, ""cards"": -0.15}"
9,Mohammed Amoura,Algeria,FWD,6.2,Argentina,0.87,77.6,2.382,0.384,"{""appearance"": 1.648, ""goals"": 0.284, ""assists"": 0.061, ""shots_on_target"": 0.474, ""cards"": -0.086}"
447,Trezeguet,Egypt,FWD,5.6,Belgium,0.87,77.6,2.38,0.425,"{""appearance"": 1.648, ""goals"": 0.264, ""assists"": 0.079, ""shots_on_target"": 0.474, ""cards"": -0.086}"
647,Mohanad Ali,Iraq,FWD,4.9,Norway,0.87,77.6,2.373,0.484,"{""appearance"": 1.648, ""goals"": 0.282, ""assists"": 0.055, ""shots_on_target"": 0.474, ""cards"": -0.086}"
301,Ousmane Diomande,Côte d'Ivoire,DEF,4.3,Ecuador,0.87,77.6,2.373,0.552,"{""appearance"": 1.648, ""goals"": 0.103, ""assists"": 0.044, ""clean_sheet"": 1.146, ""goals_conceded"": -0.415, ""cards"": -0.155}"
283,Cédric Bakambu,Congo DR,FWD,6.5,Portugal,0.87,77.6,2.372,0.365,"{""appearance"": 1.648, ""goals"": 0.277, ""assists"": 0.058, ""shots_on_target"": 0.474, ""cards"": -0.086}"
531,Deniz Undav,Germany,FWD,6.6,Curaçao,0.4,40.0,2.371,0.359,"{""appearance"": 0.92, ""goals"": 1.032, ""assists"": 0.219, ""shots_on_target"": 0.244, ""cards"": -0.044}"
709,Yazeed  Abulaila,Jordan,GK,3.9,Austria,0.4,40.0,2.362,0.606,"{""appearance"": 0.92, ""clean_sheet"": 0.171, ""goals_conceded"": -0.622, ""saves"": 1.915, ""cards"": -0.022}"
207,Jovane Cabral,Cabo Verde,FWD,4.9,Spain,0.87,77.6,2.361,0.482,"{""appearance"": 1.648, ""goals"": 0.149, ""assists"": 0.044, ""shots_on_target"": 0.474, ""cards"": -0.086, ""set_pieces"": 0.132}"
375,Tomás Holes,Czechia,DEF,3.9,Korea Republic,0.84,75.2,2.36,0.605,"{""appearance"": 1.602, ""goals"": 0.151, ""assists"": 0.056, ""clean_sheet"": 1.105, ""goals_conceded"": -0.403, ""cards"": -0.15}"
290,Matthieu Epolo,Congo DR,GK,3.7,Portugal,0.4,40.0,2.359,0.637,"{""appearance"": 0.92, ""clean_sheet"": 0.173, ""goals_conceded"": -0.616, ""saves"": 1.904, ""cards"": -0.022}"
782,Gessime Yassine,Morocco,FWD,4.0,Brazil,0.9,80.0,2.358,0.59,"{""appearance"": 1.695, ""goals"": 0.186, ""assists"": 0.077, ""shots_on_target"": 0.489, ""cards"": -0.089}"
376,David Jurásek,Czechia,DEF,3.9,Korea Republic,0.81,72.8,2.357,0.604,"{""appearance"": 1.555, ""goals"": 0.217, ""assists"": 0.055, ""clean_sheet"": 1.065, ""goals_conceded"": -0.39, ""cards"": -0.146}"
1043,Ismaïla Sarr,Senegal,FWD,6.2,France,0.87,77.6,2.343,0.378,"{""appearance"": 1.648, ""goals"": 0.242, ""assists"": 0.065, ""shots_on_target"": 0.474, ""cards"": -0.086}"
718,Kim Moon-Hwan,Korea Republic,DEF,3.9,Czechia,0.81,72.8,2.343,0.601,"{""appearance"": 1.555, ""goals"": 0.197, ""assists"": 0.056, ""clean_sheet"": 1.068, ""goals_conceded"": -0.389, ""cards"": -0.146}"
1310,Azizbek Amanov,Uzbekistan,FWD,4.9,Colombia,0.87,77.6,2.334,0.476,"{""appearance"": 1.648, ""goals"": 0.243, ""assists"": 0.055, ""shots_on_target"": 0.474, ""cards"": -0.086}"
366,Gervane Kastaneer,Curaçao,FWD,4.0,Germany,0.9,80.0,2.324,0.581,"{""appearance"": 1.695, ""goals"": 0.169, ""assists"": 0.06, ""shots_on_target"": 0.489, ""cards"": -0.089}"
1492,Matthew Garbett,New Zealand,FWD,5.0,IR Iran,0.9,80.0,2.32,0.464,"{""appearance"": 1.695, ""goals"": 0.144, ""assists"": 0.082, ""shots_on_target"": 0.489, ""cards"": -0.089}"
12,Ibrahim Maza,Algeria,FWD,5.4,Argentina,0.9,80.0,2.313,0.428,"{""appearance"": 1.695, ""goals"": 0.156, ""assists"": 0.062, ""shots_on_target"": 0.489, ""cards"": -0.089}"
299,Evan Ndicka,Côte d'Ivoire,DEF,4.4,Ecuador,0.84,75.2,2.301,0.523,"{""appearance"": 1.602, ""goals"": 0.101, ""assists"": 0.043, ""clean_sheet"": 1.107, ""goals_conceded"": -0.402, ""cards"": -0.15}"
1166,Ali Abdi,Tunisia,DEF,4.1,Sweden,0.9,80.0,2.298,0.56,"{""appearance"": 1.695, ""assists"": 0.048, ""clean_sheet"": 0.895, ""goals_conceded"": -0.61, ""cards"": -0.16, ""penalties"": 0.43}"
1099,Unai Simón,Spain,GK,5.0,Cabo Verde,0.4,40.0,2.298,0.46,"{""appearance"": 0.92, ""clean_sheet"": 1.03, ""goals_conceded"": -0.048, ""saves"": 0.418, ""cards"": -0.022}"
654,Fahad Talib,Iraq,GK,3.7,Norway,0.12,17.6,2.295,0.62,"{""appearance"": 0.486, ""clean_sheet"": 0.042, ""goals_conceded"": -0.31, ""saves"": 2.088, ""cards"": -0.01}"
18,Luca Zidane,Algeria,GK,3.8,Argentina,0.4,40.0,2.294,0.604,"{""appearance"": 0.92, ""clean_sheet"": 0.226, ""goals_conceded"": -0.511, ""saves"": 1.681, ""cards"": -0.022}"
1560,Jürgen Locadia,Curaçao,FWD,4.1,Germany,0.87,77.6,2.291,0.559,"{""appearance"": 1.648, ""goals"": 0.196, ""assists"": 0.059, ""shots_on_target"": 0.474, ""cards"": -0.086}"
206,Ryan Mendes,Cabo Verde,FWD,4.9,Spain,0.9,80.0,2.288,0.467,"{""appearance"": 1.695, ""goals"": 0.148, ""assists"": 0.045, ""shots_on_target"": 0.489, ""cards"": -0.089}"
1314,Botirali Ergashev,Uzbekistan,GK,3.5,Colombia,0.4,40.0,2.285,0.653,"{""appearance"": 0.92, ""clean_sheet"": 0.235, ""goals_conceded"": -0.496, ""saves"": 1.648, ""cards"": -0.022}"
999,Nawaf Al Aqidi,Saudi Arabia,GK,4.0,Uruguay,0.4,40.0,2.282,0.57,"{""appearance"": 0.92, ""clean_sheet"": 0.239, ""goals_conceded"": -0.49, ""saves"": 1.635, ""cards"": -0.022}"
533,Alexander Nübel,Germany,GK,4.7,Curaçao,0.4,40.0,2.276,0.484,"{""appearance"": 0.92, ""clean_sheet"": 0.969, ""goals_conceded"": -0.059, ""saves"": 0.469, ""cards"": -0.022}"
1154,Yvon Mvogo,Switzerland,GK,4.2,Qatar,0.4,40.0,2.276,0.542,"{""appearance"": 0.92, ""clean_sheet"": 0.969, ""goals_conceded"": -0.059, ""saves"": 0.469, ""cards"": -0.022}"
1052,Yehvann Diouf,Senegal,GK,3.9,France,0.4,40.0,2.274,0.583,"{""appearance"": 0.92, ""clean_sheet"": 0.248, ""goals_conceded"": -0.475, ""saves"": 1.603, ""cards"": -0.022}"
960,Edmílson Junior,Qatar,FWD,4.9,Switzerland,0.87,77.6,2.269,0.463,"{""appearance"": 1.648, ""goals"": 0.182, ""assists"": 0.05, ""shots_on_target"": 0.474, ""cards"": -0.086}"
1681,Sander Tangvik,Norway,GK,3.5,Iraq,0.4,40.0,2.265,0.647,"{""appearance"": 0.92, ""clean_sheet"": 0.935, ""goals_conceded"": -0.066, ""saves"": 0.498, ""cards"": -0.022}"
593,Josué Duverger,Haiti,GK,3.5,Scotland,0.4,40.0,2.263,0.647,"{""appearance"": 0.92, ""clean_sheet"": 0.261, ""goals_conceded"": -0.456, ""saves"": 1.56, ""cards"": -0.022}"
263,David Ospina,Colombia,GK,4.0,Uzbekistan,0.4,40.0,2.254,0.563,"{""appearance"": 0.92, ""clean_sheet"": 0.899, ""goals_conceded"": -0.074, ""saves"": 0.531, ""cards"": -0.022}"
1095,Borja Iglesias,Spain,FWD,6.8,Cabo Verde,0.4,40.0,2.253,0.331,"{""appearance"": 0.92, ""goals"": 0.953, ""assists"": 0.18, ""shots_on_target"": 0.244, ""cards"": -0.044}"
931,Rui Silva,Portugal,GK,4.7,Congo DR,0.4,40.0,2.253,0.479,"{""appearance"": 0.92, ""clean_sheet"": 0.894, ""goals_conceded"": -0.075, ""saves"": 0.535, ""cards"": -0.022}"
46,Gerónimo Rulli,Argentina,GK,4.5,Algeria,0.4,40.0,2.246,0.499,"{""appearance"": 0.92, ""clean_sheet"": 0.872, ""goals_conceded"": -0.08, ""saves"": 0.556, ""cards"": -0.022}"
1245,Fernando Muslera,Uruguay,GK,4.1,Saudi Arabia,0.4,40.0,2.243,0.547,"{""appearance"": 0.92, ""clean_sheet"": 0.864, ""goals_conceded"": -0.082, ""saves"": 0.564, ""cards"": -0.022}"
864,Kristian Thorstvedt,Norway,MID,6.2,Iraq,0.4,40.0,2.241,0.362,"{""appearance"": 0.92, ""goals"": 0.474, ""assists"": 0.198, ""clean_sheet"": 0.187, ""tackles"": 0.267, ""chances"": 0.267, ""cards"": -0.071}"
451,Mohamed El Shenawy,Egypt,GK,3.6,Belgium,0.4,40.0,2.24,0.622,"{""appearance"": 0.92, ""clean_sheet"": 0.298, ""goals_conceded"": -0.408, ""saves"": 1.452, ""cards"": -0.022}"
969,Salah Zakaria,Qatar,GK,3.7,Switzerland,0.12,17.6,2.239,0.605,"{""appearance"": 0.486, ""clean_sheet"": 0.046, ""goals_conceded"": -0.294, ""saves"": 2.011, ""cards"": -0.01}"
74,Mathew Ryan,Australia,GK,4.1,Türkiye,0.4,40.0,2.238,0.546,"{""appearance"": 0.92, ""clean_sheet"": 0.301, ""goals_conceded"": -0.403, ""saves"": 1.442, ""cards"": -0.022}"
2009,Ahmed Tagnaouti,Morocco,GK,3.5,Brazil,0.4,40.0,2.234,0.638,"{""appearance"": 0.92, ""clean_sheet"": 0.309, ""goals_conceded"": -0.394, ""saves"": 1.421, ""cards"": -0.022}"
101,Florian Wiegele,Austria,GK,3.5,Jordan,0.4,40.0,2.231,0.637,"{""appearance"": 0.92, ""clean_sheet"": 0.817, ""goals_conceded"": -0.095, ""saves"": 0.611, ""cards"": -0.022}"
508,Brice Samba,France,GK,4.5,Senegal,0.4,40.0,2.227,0.495,"{""appearance"": 0.92, ""clean_sheet"": 0.802, ""goals_conceded"": -0.099, ""saves"": 0.626, ""cards"": -0.022}"
1535,Dominik Kotarski,Croatia,GK,4.4,England,0.4,40.0,2.224,0.506,"{""appearance"": 0.92, ""clean_sheet"": 0.328, ""goals_conceded"": -0.373, ""saves"": 1.372, ""cards"": -0.022}"
424,Moisés Ramírez,Ecuador,GK,3.9,Côte d'Ivoire,0.4,40.0,2.21,0.567,"{""appearance"": 0.92, ""clean_sheet"": 0.731, ""goals_conceded"": -0.122, ""saves"": 0.703, ""cards"": -0.022}"
1025,Angus Gunn,Scotland,GK,3.6,Haiti,0.4,40.0,2.21,0.614,"{""appearance"": 0.92, ""clean_sheet"": 0.73, ""goals_conceded"": -0.122, ""saves"": 0.704, ""cards"": -0.022}"
153,Nikola Vasilj,Bosnia and Herzegovina,GK,4.0,Canada,0.4,40.0,2.21,0.553,"{""appearance"": 0.92, ""clean_sheet"": 0.365, ""goals_conceded"": -0.335, ""saves"": 1.282, ""cards"": -0.022}"
1212,Altay Bayindir,Türkiye,GK,4.0,Australia,0.4,40.0,2.21,0.553,"{""appearance"": 0.92, ""clean_sheet"": 0.73, ""goals_conceded"": -0.122, ""saves"": 0.705, ""cards"": -0.022}"
300,Wilfried Singo,Côte d'Ivoire,DEF,4.4,Ecuador,0.81,72.8,2.21,0.502,"{""appearance"": 1.555, ""goals"": 0.079, ""assists"": 0.042, ""clean_sheet"": 1.067, ""goals_conceded"": -0.389, ""cards"": -0.146}"
678,Keisuke Osako,Japan,GK,4.0,Netherlands,0.4,40.0,2.209,0.552,"{""appearance"": 0.92, ""clean_sheet"": 0.369, ""goals_conceded"": -0.331, ""saves"": 1.273, ""cards"": -0.022}"
182,Ederson,Brazil,GK,5.0,Morocco,0.4,40.0,2.208,0.442,"{""appearance"": 0.92, ""clean_sheet"": 0.721, ""goals_conceded"": -0.125, ""saves"": 0.714, ""cards"": -0.022}"
132,Senne Lammens,Belgium,GK,4.6,Egypt,0.4,40.0,2.206,0.48,"{""appearance"": 0.92, ""clean_sheet"": 0.71, ""goals_conceded"": -0.129, ""saves"": 0.728, ""cards"": -0.022}"
839,Alex Paulsen,New Zealand,GK,3.8,IR Iran,0.4,40.0,2.205,0.58,"{""appearance"": 0.92, ""clean_sheet"": 0.381, ""goals_conceded"": -0.319, ""saves"": 1.245, ""cards"": -0.022}"
621,Payam Niazmand,IR Iran,GK,3.9,New Zealand,0.4,40.0,2.205,0.565,"{""appearance"": 0.92, ""clean_sheet"": 0.703, ""goals_conceded"": -0.132, ""saves"": 0.735, ""cards"": -0.022}"
478,Dean Henderson,England,GK,4.2,Croatia,0.4,40.0,2.204,0.525,"{""appearance"": 0.92, ""clean_sheet"": 0.699, ""goals_conceded"": -0.133, ""saves"": 0.74, ""cards"": -0.022}"
236,Dayne St. Clair,Canada,GK,3.8,Bosnia and Herzegovina,0.4,40.0,2.204,0.58,"{""appearance"": 0.92, ""clean_sheet"": 0.699, ""goals_conceded"": -0.133, ""saves"": 0.741, ""cards"": -0.022}"
1514,Viktor Johansson,Sweden,GK,3.9,Tunisia,0.4,40.0,2.202,0.565,"{""appearance"": 0.92, ""clean_sheet"": 0.689, ""goals_conceded"": -0.137, ""saves"": 0.752, ""cards"": -0.022}"
908,Roberto Fernández,Paraguay,GK,4.0,USA,0.4,40.0,2.202,0.55,"{""appearance"": 0.92, ""clean_sheet"": 0.395, ""goals_conceded"": -0.308, ""saves"": 1.217, ""cards"": -0.022}"
1187,Sabri Ben Hessen,Tunisia,GK,3.5,Sweden,0.4,40.0,2.201,0.629,"{""appearance"": 0.92, ""clean_sheet"": 0.398, ""goals_conceded"": -0.305, ""saves"": 1.21, ""cards"": -0.022}"
1273,Chris Brady,USA,GK,3.5,Paraguay,0.4,40.0,2.2,0.629,"{""appearance"": 0.92, ""clean_sheet"": 0.674, ""goals_conceded"": -0.143, ""saves"": 0.771, ""cards"": -0.022}"
885,Orlando Mosquera,Panama,GK,3.9,Ghana,0.4,40.0,2.194,0.563,"{""appearance"": 0.92, ""clean_sheet"": 0.432, ""goals_conceded"": -0.277, ""saves"": 1.141, ""cards"": -0.022}"
565,Benjamin Asare,Ghana,GK,3.8,Panama,0.4,40.0,2.192,0.577,"{""appearance"": 0.92, ""clean_sheet"": 0.614, ""goals_conceded"": -0.169, ""saves"": 0.849, ""cards"": -0.022}"
2036,Robin Roefs,Netherlands,GK,4.6,Japan,0.4,40.0,2.188,0.476,"{""appearance"": 0.92, ""clean_sheet"": 0.558, ""goals_conceded"": -0.197, ""saves"": 0.928, ""cards"": -0.022}"
730,Kim Seung-Gyu,Korea Republic,GK,4.1,Czechia,0.4,40.0,2.187,0.533,"{""appearance"": 0.92, ""clean_sheet"": 0.527, ""goals_conceded"": -0.214, ""saves"": 0.975, ""cards"": -0.022}"
316,Alban Lafont,Côte d'Ivoire,GK,4.1,Ecuador,0.4,40.0,2.187,0.533,"{""appearance"": 0.92, ""clean_sheet"": 0.527, ""goals_conceded"": -0.214, ""saves"": 0.976, ""cards"": -0.022}"
1400,Jindrich Stanek,Czechia,GK,4.0,Korea Republic,0.4,40.0,2.187,0.547,"{""appearance"": 0.92, ""clean_sheet"": 0.526, ""goals_conceded"": -0.214, ""saves"": 0.977, ""cards"": -0.022}"
1541,Nour Bani Ateyah,Jordan,GK,3.6,Austria,0.12,17.6,2.169,0.603,"{""appearance"": 0.486, ""clean_sheet"": 0.051, ""goals_conceded"": -0.273, ""saves"": 1.915, ""cards"": -0.01}"
521,David Raum,Germany,DEF,4.9,Curaçao,0.4,40.0,2.169,0.443,"{""appearance"": 0.92, ""goals"": 0.304, ""assists"": 0.115, ""clean_sheet"": 0.969, ""goals_conceded"": -0.059, ""cards"": -0.08}"
1431,Bradley Barcola,France,MID,8.0,Senegal,0.4,40.0,2.167,0.271,"{""appearance"": 0.92, ""goals"": 0.473, ""assists"": 0.151, ""clean_sheet"": 0.16, ""tackles"": 0.267, ""chances"": 0.267, ""cards"": -0.071}"
291,Timothy Fayulu,Congo DR,GK,3.6,Portugal,0.12,17.6,2.161,0.6,"{""appearance"": 0.486, ""clean_sheet"": 0.052, ""goals_conceded"": -0.271, ""saves"": 1.904, ""cards"": -0.01}"
684,Ritsu Doan,Japan,DEF,5.1,Netherlands,0.9,80.0,2.152,0.422,"{""appearance"": 1.695, ""goals"": 0.389, ""assists"": 0.06, ""clean_sheet"": 0.83, ""goals_conceded"": -0.662, ""cards"": -0.16}"
129,Charles De Ketelaere,Belgium,MID,5.6,Egypt,0.4,40.0,2.138,0.382,"{""appearance"": 0.92, ""goals"": 0.477, ""assists"": 0.137, ""clean_sheet"": 0.142, ""tackles"": 0.267, ""chances"": 0.267, ""cards"": -0.071}"
109,Patrick Wimmer,Austria,MID,6.0,Jordan,0.4,40.0,2.128,0.355,"{""appearance"": 0.92, ""goals"": 0.404, ""assists"": 0.178, ""clean_sheet"": 0.163, ""tackles"": 0.267, ""chances"": 0.267, ""cards"": -0.071}"
1104,Rodri,Spain,MID,7.5,Cabo Verde,0.4,40.0,2.122,0.283,"{""appearance"": 0.92, ""goals"": 0.302, ""assists"": 0.231, ""clean_sheet"": 0.206, ""tackles"": 0.267, ""chances"": 0.267, ""cards"": -0.071}"
267,Juan Fernando Quintero,Colombia,MID,5.6,Uzbekistan,0.4,40.0,2.1,0.375,"{""appearance"": 0.92, ""goals"": 0.386, ""assists"": 0.152, ""clean_sheet"": 0.18, ""tackles"": 0.267, ""chances"": 0.267, ""cards"": -0.071}"
41,Giuliano Simeone,Argentina,MID,5.6,Algeria,0.4,40.0,2.088,0.373,"{""appearance"": 0.92, ""goals"": 0.373, ""assists"": 0.158, ""clean_sheet"": 0.174, ""tackles"": 0.267, ""chances"": 0.267, ""cards"": -0.071}"
1191,Irfan Can Kahveci,Türkiye,MID,5.9,Australia,0.4,40.0,2.087,0.354,"{""appearance"": 0.92, ""goals"": 0.413, ""assists"": 0.146, ""clean_sheet"": 0.146, ""tackles"": 0.267, ""chances"": 0.267, ""cards"": -0.071}"
1089,Pau Cubarsí,Spain,DEF,5.0,Cabo Verde,0.4,40.0,2.071,0.414,"{""appearance"": 0.92, ""goals"": 0.156, ""assists"": 0.093, ""clean_sheet"": 1.03, ""goals_conceded"": -0.048, ""cards"": -0.08}"
871,José Córdoba,Panama,DEF,4.0,Ghana,0.87,77.6,2.064,0.516,"{""appearance"": 1.648, ""goals"": 0.112, ""assists"": 0.056, ""clean_sheet"": 0.941, ""goals_conceded"": -0.537, ""cards"": -0.155}"
1145,Miro Muheim,Switzerland,DEF,4.0,Qatar,0.4,40.0,2.04,0.51,"{""appearance"": 0.92, ""goals"": 0.215, ""assists"": 0.075, ""clean_sheet"": 0.969, ""goals_conceded"": -0.059, ""cards"": -0.08}"
1156,Djibril Sow,Switzerland,MID,6.1,Qatar,0.4,40.0,2.028,0.332,"{""appearance"": 0.92, ""goals"": 0.267, ""assists"": 0.185, ""clean_sheet"": 0.194, ""tackles"": 0.267, ""chances"": 0.267, ""cards"": -0.071}"
870,Amir Murillo,Panama,DEF,5.0,Ghana,0.9,80.0,2.01,0.402,"{""appearance"": 1.695, ""assists"": 0.056, ""clean_sheet"": 0.973, ""goals_conceded"": -0.554, ""cards"": -0.16}"
893,Gustavo Gómez,Paraguay,DEF,4.6,USA,0.9,80.0,2.003,0.436,"{""appearance"": 1.695, ""goals"": 0.149, ""assists"": 0.046, ""clean_sheet"": 0.888, ""goals_conceded"": -0.615, ""cards"": -0.16}"
2046,Oussama Benbot,Algeria,GK,4.2,Argentina,0.12,17.6,2.0,0.476,"{""appearance"": 0.486, ""clean_sheet"": 0.068, ""goals_conceded"": -0.225, ""saves"": 1.681, ""cards"": -0.01}"
937,João Neves,Portugal,MID,6.5,Congo DR,0.4,40.0,1.998,0.307,"{""appearance"": 0.92, ""goals"": 0.262, ""assists"": 0.175, ""clean_sheet"": 0.179, ""tackles"": 0.267, ""chances"": 0.267, ""cards"": -0.071}"
1710,Eberechi Eze,England,MID,8.0,Croatia,0.4,40.0,1.987,0.248,"{""appearance"": 0.92, ""goals"": 0.335, ""assists"": 0.131, ""clean_sheet"": 0.14, ""tackles"": 0.267, ""chances"": 0.267, ""cards"": -0.071}"
1312,Utkir Yusupov,Uzbekistan,GK,3.9,Colombia,0.12,17.6,1.977,0.507,"{""appearance"": 0.486, ""clean_sheet"": 0.071, ""goals_conceded"": -0.218, ""saves"": 1.648, ""cards"": -0.01}"
1000,Ahmed Al Kassar,Saudi Arabia,GK,3.9,Uruguay,0.12,17.6,1.967,0.504,"{""appearance"": 0.486, ""clean_sheet"": 0.072, ""goals_conceded"": -0.216, ""saves"": 1.635, ""cards"": -0.01}"
1165,Moutaz Neffati,Tunisia,DEF,4.1,Sweden,0.84,75.2,1.952,0.476,"{""appearance"": 1.602, ""goals"": 0.192, ""assists"": 0.047, ""clean_sheet"": 0.835, ""goals_conceded"": -0.574, ""cards"": -0.15}"
851,Fredrik Bjørkan,Norway,DEF,4.0,Iraq,0.4,40.0,1.952,0.488,"{""appearance"": 0.92, ""goals"": 0.164, ""assists"": 0.079, ""clean_sheet"": 0.935, ""goals_conceded"": -0.066, ""cards"": -0.08}"
1551,Montassar Talbi,Tunisia,DEF,3.9,Sweden,0.87,77.6,1.951,0.5,"{""appearance"": 1.648, ""goals"": 0.137, ""assists"": 0.048, ""clean_sheet"": 0.865, ""goals_conceded"": -0.592, ""cards"": -0.155}"
2012,Achraf Hakimi,Morocco,DEF,6.0,Brazil,0.9,80.0,1.95,0.325,"{""appearance"": 1.695, ""goals"": 0.234, ""assists"": 0.044, ""clean_sheet"": 0.695, ""goals_conceded"": -0.788, ""cards"": -0.16, ""set_pieces"": 0.23}"
1053,Mory Diaw,Senegal,GK,3.8,France,0.12,17.6,1.944,0.512,"{""appearance"": 0.486, ""clean_sheet"": 0.075, ""goals_conceded"": -0.209, ""saves"": 1.603, ""cards"": -0.01}"
97,Sasa Kalajdzic,Austria,FWD,6.0,Jordan,0.4,40.0,1.942,0.324,"{""appearance"": 0.92, ""goals"": 0.689, ""assists"": 0.133, ""shots_on_target"": 0.244, ""cards"": -0.044}"
2026,Fidel Escobar,Panama,DEF,3.8,Ghana,0.81,72.8,1.942,0.511,"{""appearance"": 1.555, ""goals"": 0.107, ""assists"": 0.053, ""clean_sheet"": 0.876, ""goals_conceded"": -0.504, ""cards"": -0.146}"
1028,Lewis Ferguson,Scotland,MID,4.8,Haiti,0.4,40.0,1.941,0.404,"{""appearance"": 0.92, ""goals"": 0.254, ""assists"": 0.158, ""clean_sheet"": 0.146, ""tackles"": 0.267, ""chances"": 0.267, ""cards"": -0.071}"
1253,Brenden Aaronson,USA,MID,5.7,Paraguay,0.4,40.0,1.93,0.339,"{""appearance"": 0.92, ""goals"": 0.297, ""assists"": 0.116, ""clean_sheet"": 0.135, ""tackles"": 0.267, ""chances"": 0.267, ""cards"": -0.071}"
827,Tim Payne,New Zealand,DEF,3.6,IR Iran,0.9,80.0,1.929,0.536,"{""appearance"": 1.695, ""goals"": 0.128, ""assists"": 0.047, ""clean_sheet"": 0.858, ""goals_conceded"": -0.639, ""cards"": -0.16}"
895,Omar Alderete,Paraguay,DEF,4.1,USA,0.87,77.6,1.926,0.47,"{""appearance"": 1.648, ""goals"": 0.126, ""assists"": 0.045, ""clean_sheet"": 0.859, ""goals_conceded"": -0.597, ""cards"": -0.155}"
243,Jonathan Osorio,Canada,MID,5.6,Bosnia and Herzegovina,0.4,40.0,1.923,0.343,"{""appearance"": 0.92, ""goals"": 0.271, ""assists"": 0.13, ""clean_sheet"": 0.14, ""tackles"": 0.267, ""chances"": 0.267, ""cards"": -0.071}"
1078,Ricardo Goss,South Africa,GK,3.7,Mexico,0.15,20.0,1.92,0.519,"{""appearance"": 0.532, ""clean_sheet"": 0.104, ""goals_conceded"": -0.217, ""saves"": 1.512, ""cards"": -0.011}"
1698,Sipho Chaine,South Africa,GK,3.7,Mexico,0.15,20.0,1.92,0.519,"{""appearance"": 0.532, ""clean_sheet"": 0.104, ""goals_conceded"": -0.217, ""saves"": 1.512, ""cards"": -0.011}"
592,Alexandre Pierre,Haiti,GK,3.6,Scotland,0.12,17.6,1.914,0.532,"{""appearance"": 0.486, ""clean_sheet"": 0.078, ""goals_conceded"": -0.201, ""saves"": 1.56, ""cards"": -0.01}"
87,Alexander Prass,Austria,DEF,4.3,Jordan,0.4,40.0,1.912,0.445,"{""appearance"": 0.92, ""goals"": 0.277, ""assists"": 0.073, ""clean_sheet"": 0.817, ""goals_conceded"": -0.095, ""cards"": -0.08}"
1374,Yerry Mina,Colombia,DEF,4.2,Uzbekistan,0.4,40.0,1.899,0.452,"{""appearance"": 0.92, ""goals"": 0.173, ""assists"": 0.061, ""clean_sheet"": 0.899, ""goals_conceded"": -0.074, ""cards"": -0.08}"
2042,Justin Kluivert,Netherlands,MID,6.5,Japan,0.4,40.0,1.882,0.29,"{""appearance"": 0.92, ""goals"": 0.272, ""assists"": 0.117, ""clean_sheet"": 0.112, ""tackles"": 0.267, ""chances"": 0.267, ""cards"": -0.071}"
919,Gonçalo Inácio,Portugal,DEF,4.6,Congo DR,0.4,40.0,1.882,0.409,"{""appearance"": 0.92, ""goals"": 0.152, ""assists"": 0.071, ""clean_sheet"": 0.894, ""goals_conceded"": -0.075, ""cards"": -0.08}"
2063,Joaquín Piquerez,Uruguay,DEF,4.5,Saudi Arabia,0.4,40.0,1.876,0.417,"{""appearance"": 0.92, ""goals"": 0.193, ""assists"": 0.061, ""clean_sheet"": 0.864, ""goals_conceded"": -0.082, ""cards"": -0.08}"
2062,Herman Johansson,Sweden,MID,4.4,Tunisia,0.4,40.0,1.871,0.425,"{""appearance"": 0.92, ""goals"": 0.24, ""assists"": 0.111, ""clean_sheet"": 0.138, ""tackles"": 0.267, ""chances"": 0.267, ""cards"": -0.071}"
1338,Lautaro Martínez,Argentina,FWD,8.8,Algeria,0.4,40.0,1.869,0.212,"{""appearance"": 0.92, ""goals"": 0.632, ""assists"": 0.117, ""shots_on_target"": 0.244, ""cards"": -0.044}"
896,Fabián Balbuena,Paraguay,DEF,4.0,USA,0.84,75.2,1.865,0.466,"{""appearance"": 1.602, ""goals"": 0.119, ""assists"": 0.044, ""clean_sheet"": 0.829, ""goals_conceded"": -0.578, ""cards"": -0.15}"
1455,Takehiro Tomiyasu,Japan,DEF,4.9,Netherlands,0.87,77.6,1.863,0.38,"{""appearance"": 1.648, ""goals"": 0.152, ""assists"": 0.057, ""clean_sheet"": 0.802, ""goals_conceded"": -0.642, ""cards"": -0.155}"
829,Callan Elliot,New Zealand,DEF,3.5,IR Iran,0.87,77.6,1.86,0.531,"{""appearance"": 1.648, ""goals"": 0.112, ""assists"": 0.046, ""clean_sheet"": 0.83, ""goals_conceded"": -0.62, ""cards"": -0.155}"
34,Nicolás Tagliafico,Argentina,DEF,4.3,Algeria,0.4,40.0,1.854,0.431,"{""appearance"": 0.92, ""goals"": 0.16, ""assists"": 0.063, ""clean_sheet"": 0.872, ""goals_conceded"": -0.08, ""cards"": -0.08}"
145,Nidal Celik,Bosnia and Herzegovina,DEF,3.5,Canada,0.9,80.0,1.844,0.527,"{""appearance"": 1.695, ""goals"": 0.112, ""assists"": 0.046, ""clean_sheet"": 0.821, ""goals_conceded"": -0.67, ""cards"": -0.16}"
923,Gonçalo Ramos,Portugal,FWD,7.5,Congo DR,0.4,40.0,1.839,0.245,"{""appearance"": 0.92, ""goals"": 0.588, ""assists"": 0.13, ""shots_on_target"": 0.244, ""cards"": -0.044}"
188,Casemiro,Brazil,MID,6.3,Morocco,0.4,40.0,1.839,0.292,"{""appearance"": 0.92, ""goals"": 0.181, ""assists"": 0.131, ""clean_sheet"": 0.144, ""tackles"": 0.267, ""chances"": 0.267, ""cards"": -0.071}"
452,El Mahdy Soliman,Egypt,GK,3.6,Belgium,0.12,17.6,1.838,0.51,"{""appearance"": 0.486, ""clean_sheet"": 0.089, ""goals_conceded"": -0.179, ""saves"": 1.452, ""cards"": -0.01}"
454,Mohamed Alaa,Egypt,GK,3.5,Belgium,0.12,17.6,1.838,0.525,"{""appearance"": 0.486, ""clean_sheet"": 0.089, ""goals_conceded"": -0.179, ""saves"": 1.452, ""cards"": -0.01}"
1489,Liberato Cacace,New Zealand,DEF,4.1,IR Iran,0.84,75.2,1.836,0.448,"{""appearance"": 1.602, ""goals"": 0.139, ""assists"": 0.045, ""clean_sheet"": 0.801, ""goals_conceded"": -0.601, ""cards"": -0.15}"
1224,Manuel Ugarte,Uruguay,MID,5.9,Saudi Arabia,0.4,40.0,1.833,0.311,"{""appearance"": 0.92, ""goals"": 0.129, ""assists"": 0.15, ""clean_sheet"": 0.173, ""tackles"": 0.267, ""chances"": 0.267, ""cards"": -0.071}"
75,Paul Izzo,Australia,GK,3.6,Türkiye,0.12,17.6,1.831,0.509,"{""appearance"": 0.486, ""clean_sheet"": 0.09, ""goals_conceded"": -0.178, ""saves"": 1.442, ""cards"": -0.01}"
1553,Yan Valery,Tunisia,DEF,3.9,Sweden,0.81,72.8,1.829,0.469,"{""appearance"": 1.555, ""goals"": 0.123, ""assists"": 0.045, ""clean_sheet"": 0.806, ""goals_conceded"": -0.555, ""cards"": -0.146}"
1665,Munir El Kajoui,Morocco,GK,4.0,Brazil,0.12,17.6,1.817,0.454,"{""appearance"": 0.486, ""clean_sheet"": 0.093, ""goals_conceded"": -0.173, ""saves"": 1.421, ""cards"": -0.01}"
140,Amar Dedic,Bosnia and Herzegovina,DEF,4.3,Canada,0.87,77.6,1.813,0.422,"{""appearance"": 1.648, ""goals"": 0.131, ""assists"": 0.045, ""clean_sheet"": 0.794, ""goals_conceded"": -0.65, ""cards"": -0.155}"
668,Junnosuke Suzuki,Japan,DEF,3.5,Netherlands,0.84,75.2,1.808,0.517,"{""appearance"": 1.602, ""goals"": 0.148, ""assists"": 0.056, ""clean_sheet"": 0.775, ""goals_conceded"": -0.622, ""cards"": -0.15}"
680,Yuito Suzuki,Japan,MID,5.0,Netherlands,0.4,40.0,1.793,0.359,"{""appearance"": 0.92, ""goals"": 0.245, ""assists"": 0.092, ""clean_sheet"": 0.074, ""tackles"": 0.267, ""chances"": 0.267, ""cards"": -0.071}"
894,Júnior Alonso,Paraguay,DEF,4.1,USA,0.81,72.8,1.792,0.437,"{""appearance"": 1.555, ""goals"": 0.099, ""assists"": 0.043, ""clean_sheet"": 0.799, ""goals_conceded"": -0.56, ""cards"": -0.146}"
1982,Caleb Yirenkyi,Ghana,MID,4.7,Panama,0.4,40.0,1.787,0.38,"{""appearance"": 0.92, ""goals"": 0.166, ""assists"": 0.116, ""clean_sheet"": 0.123, ""tackles"": 0.267, ""chances"": 0.267, ""cards"": -0.071}"
339,Ivor Pandur,Croatia,GK,3.9,England,0.12,17.6,1.782,0.457,"{""appearance"": 0.486, ""clean_sheet"": 0.098, ""goals_conceded"": -0.164, ""saves"": 1.372, ""cards"": -0.01}"
1150,Noah Okafor,Switzerland,FWD,5.9,Qatar,0.4,40.0,1.765,0.299,"{""appearance"": 0.92, ""goals"": 0.509, ""assists"": 0.136, ""shots_on_target"": 0.244, ""cards"": -0.044}"
1237,Federico Viñas,Uruguay,FWD,5.9,Saudi Arabia,0.4,40.0,1.757,0.298,"{""appearance"": 0.92, ""goals"": 0.525, ""assists"": 0.112, ""shots_on_target"": 0.244, ""cards"": -0.044}"
1432,Jean-Philippe Mateta,France,FWD,6.5,Senegal,0.4,40.0,1.753,0.27,"{""appearance"": 0.92, ""goals"": 0.524, ""assists"": 0.11, ""shots_on_target"": 0.244, ""cards"": -0.044}"
141,Tarik Muharemovic,Bosnia and Herzegovina,DEF,3.9,Canada,0.84,75.2,1.752,0.449,"{""appearance"": 1.602, ""goals"": 0.12, ""assists"": 0.044, ""clean_sheet"": 0.766, ""goals_conceded"": -0.629, ""cards"": -0.15}"
626,Saeid Ezatolahi,IR Iran,MID,5.6,New Zealand,0.4,40.0,1.743,0.311,"{""appearance"": 0.92, ""goals"": 0.096, ""assists"": 0.123, ""clean_sheet"": 0.141, ""tackles"": 0.267, ""chances"": 0.267, ""cards"": -0.071}"
1454,Ko Itakura,Japan,DEF,4.5,Netherlands,0.81,72.8,1.738,0.386,"{""appearance"": 1.555, ""goals"": 0.129, ""assists"": 0.055, ""clean_sheet"": 0.747, ""goals_conceded"": -0.602, ""cards"": -0.146}"
428,Alan Franco,Ecuador,MID,5.6,Côte d'Ivoire,0.4,40.0,1.728,0.309,"{""appearance"": 0.92, ""goals"": 0.107, ""assists"": 0.092, ""clean_sheet"": 0.146, ""tackles"": 0.267, ""chances"": 0.267, ""cards"": -0.071}"
1712,Ivan Toney,England,FWD,7.5,Croatia,0.4,40.0,1.723,0.23,"{""appearance"": 0.92, ""goals"": 0.507, ""assists"": 0.096, ""shots_on_target"": 0.244, ""cards"": -0.044}"
1488,Michael Boxall,New Zealand,DEF,3.7,IR Iran,0.81,72.8,1.721,0.465,"{""appearance"": 1.555, ""goals"": 0.077, ""assists"": 0.043, ""clean_sheet"": 0.772, ""goals_conceded"": -0.581, ""cards"": -0.146}"
155,Martin Zlomislic,Bosnia and Herzegovina,GK,3.5,Canada,0.12,17.6,1.721,0.492,"{""appearance"": 0.486, ""clean_sheet"": 0.109, ""goals_conceded"": -0.147, ""saves"": 1.282, ""cards"": -0.01}"
1536,Josko Gvardiol,Croatia,DEF,5.0,England,0.9,80.0,1.717,0.343,"{""appearance"": 1.695, ""goals"": 0.147, ""assists"": 0.044, ""clean_sheet"": 0.737, ""goals_conceded"": -0.746, ""cards"": -0.16}"
679,Tomoki Hayakawa,Japan,GK,3.8,Netherlands,0.12,17.6,1.714,0.451,"{""appearance"": 0.486, ""clean_sheet"": 0.111, ""goals_conceded"": -0.146, ""saves"": 1.273, ""cards"": -0.01}"
496,Lucas Hernández,France,DEF,5.2,Senegal,0.4,40.0,1.712,0.329,"{""appearance"": 0.92, ""goals"": 0.109, ""assists"": 0.059, ""clean_sheet"": 0.802, ""goals_conceded"": -0.099, ""cards"": -0.08}"
1417,Hugo Sochurek,Czechia,MID,4.3,Korea Republic,0.4,40.0,1.71,0.398,"{""appearance"": 0.92, ""goals"": 0.132, ""assists"": 0.091, ""clean_sheet"": 0.105, ""tackles"": 0.267, ""chances"": 0.267, ""cards"": -0.071}"
82,Awer Mabil,Australia,MID,5.6,Türkiye,0.4,40.0,1.704,0.304,"{""appearance"": 0.92, ""goals"": 0.191, ""assists"": 0.07, ""clean_sheet"": 0.06, ""tackles"": 0.267, ""chances"": 0.267, ""cards"": -0.071}"
840,Michael Woud,New Zealand,GK,3.7,IR Iran,0.12,17.6,1.695,0.458,"{""appearance"": 0.486, ""clean_sheet"": 0.114, ""goals_conceded"": -0.141, ""saves"": 1.245, ""cards"": -0.01}"
732,Paik Seung-Ho,Korea Republic,MID,5.6,Czechia,0.4,40.0,1.693,0.302,"{""appearance"": 0.92, ""goals"": 0.113, ""assists"": 0.092, ""clean_sheet"": 0.105, ""tackles"": 0.267, ""chances"": 0.267, ""cards"": -0.071}"
866,Cristian Martínez,Panama,MID,5.3,Ghana,0.4,40.0,1.686,0.318,"{""appearance"": 0.92, ""goals"": 0.129, ""assists"": 0.088, ""clean_sheet"": 0.086, ""tackles"": 0.267, ""chances"": 0.267, ""cards"": -0.071}"
139,Sead Kolasinac,Bosnia and Herzegovina,DEF,4.3,Canada,0.81,72.8,1.681,0.391,"{""appearance"": 1.555, ""goals"": 0.099, ""assists"": 0.043, ""clean_sheet"": 0.739, ""goals_conceded"": -0.609, ""cards"": -0.146}"
909,Gastón Olveira,Paraguay,GK,3.8,USA,0.12,17.6,1.676,0.441,"{""appearance"": 0.486, ""clean_sheet"": 0.118, ""goals_conceded"": -0.135, ""saves"": 1.217, ""cards"": -0.01}"
433,Zizo,Egypt,MID,4.3,Belgium,0.4,40.0,1.676,0.39,"{""appearance"": 0.92, ""goals"": 0.163, ""assists"": 0.071, ""clean_sheet"": 0.06, ""tackles"": 0.267, ""chances"": 0.267, ""cards"": -0.071}"
1185,Aymen Dahmen,Tunisia,GK,3.9,Sweden,0.12,17.6,1.672,0.429,"{""appearance"": 0.486, ""clean_sheet"": 0.119, ""goals_conceded"": -0.134, ""saves"": 1.21, ""cards"": -0.01}"
257,Jhon Córdoba,Colombia,FWD,6.1,Uzbekistan,0.4,40.0,1.671,0.274,"{""appearance"": 0.92, ""goals"": 0.442, ""assists"": 0.109, ""shots_on_target"": 0.244, ""cards"": -0.044}"
166,Ibañez,Brazil,DEF,4.4,Morocco,0.4,40.0,1.658,0.377,"{""appearance"": 0.92, ""goals"": 0.169, ""assists"": 0.053, ""clean_sheet"": 0.721, ""goals_conceded"": -0.125, ""cards"": -0.08}"
1198,Ozan Kabak,Türkiye,DEF,4.0,Australia,0.4,40.0,1.654,0.414,"{""appearance"": 0.92, ""goals"": 0.149, ""assists"": 0.058, ""clean_sheet"": 0.73, ""goals_conceded"": -0.122, ""cards"": -0.08}"
330,Luka Vuskovic,Croatia,DEF,3.7,England,0.87,77.6,1.649,0.446,"{""appearance"": 1.648, ""goals"": 0.124, ""assists"": 0.043, ""clean_sheet"": 0.713, ""goals_conceded"": -0.723, ""cards"": -0.155}"
1525,Matias Fernandez-Pardo,Belgium,FWD,5.6,Egypt,0.4,40.0,1.647,0.294,"{""appearance"": 0.92, ""goals"": 0.429, ""assists"": 0.098, ""shots_on_target"": 0.244, ""cards"": -0.044}"
320,Jean Michaël Seri,Côte d'Ivoire,MID,5.5,Ecuador,0.4,40.0,1.647,0.299,"{""appearance"": 0.92, ""goals"": 0.089, ""assists"": 0.07, ""clean_sheet"": 0.105, ""tackles"": 0.267, ""chances"": 0.267, ""cards"": -0.071}"
324,Petar Sucic,Croatia,MID,4.2,England,0.4,40.0,1.647,0.392,"{""appearance"": 0.92, ""goals"": 0.131, ""assists"": 0.068, ""clean_sheet"": 0.066, ""tackles"": 0.267, ""chances"": 0.267, ""cards"": -0.071}"
1205,Kerem Aktürkoglu,Türkiye,FWD,6.2,Australia,0.4,40.0,1.646,0.266,"{""appearance"": 0.92, ""goals"": 0.422, ""assists"": 0.105, ""shots_on_target"": 0.244, ""cards"": -0.044}"
1012,Jack Hendry,Scotland,DEF,3.9,Haiti,0.4,40.0,1.642,0.421,"{""appearance"": 0.92, ""goals"": 0.13, ""assists"": 0.063, ""clean_sheet"": 0.73, ""goals_conceded"": -0.122, ""cards"": -0.08}"
1289,Oston Urunov,Uzbekistan,MID,5.6,Colombia,0.4,40.0,1.636,0.292,"{""appearance"": 0.92, ""goals"": 0.157, ""assists"": 0.05, ""clean_sheet"": 0.047, ""tackles"": 0.267, ""chances"": 0.267, ""cards"": -0.071}"
857,Andreas Schjelderup,Norway,FWD,6.2,Iraq,0.4,40.0,1.633,0.263,"{""appearance"": 0.92, ""goals"": 0.372, ""assists"": 0.141, ""shots_on_target"": 0.244, ""cards"": -0.044}"
403,Ángelo Preciado,Ecuador,DEF,4.3,Côte d'Ivoire,0.4,40.0,1.625,0.378,"{""appearance"": 0.92, ""goals"": 0.138, ""assists"": 0.037, ""clean_sheet"": 0.731, ""goals_conceded"": -0.122, ""cards"": -0.08}"
886,César Samudio,Panama,GK,3.6,Ghana,0.12,17.6,1.625,0.451,"{""appearance"": 0.486, ""clean_sheet"": 0.13, ""goals_conceded"": -0.122, ""saves"": 1.141, ""cards"": -0.01}"
178,Igor Thiago,Brazil,FWD,5.9,Morocco,0.4,40.0,1.624,0.275,"{""appearance"": 0.92, ""goals"": 0.408, ""assists"": 0.096, ""shots_on_target"": 0.244, ""cards"": -0.044}"
158,Ivan Sunjic,Bosnia and Herzegovina,MID,5.1,Canada,0.4,40.0,1.612,0.316,"{""appearance"": 0.92, ""goals"": 0.085, ""assists"": 0.071, ""clean_sheet"": 0.073, ""tackles"": 0.267, ""chances"": 0.267, ""cards"": -0.071}"
892,Braian Ojeda,Paraguay,MID,5.6,USA,0.4,40.0,1.607,0.287,"{""appearance"": 0.92, ""goals"": 0.074, ""assists"": 0.072, ""clean_sheet"": 0.079, ""tackles"": 0.267, ""chances"": 0.267, ""cards"": -0.071}"
66,Kai Trewin,Australia,DEF,3.5,Türkiye,0.9,80.0,1.606,0.459,"{""appearance"": 1.695, ""goals"": 0.155, ""assists"": 0.045, ""clean_sheet"": 0.678, ""goals_conceded"": -0.807, ""cards"": -0.16}"
686,Ibrahim Sadeh,Jordan,MID,4.4,Austria,0.4,40.0,1.604,0.365,"{""appearance"": 0.92, ""goals"": 0.12, ""assists"": 0.068, ""clean_sheet"": 0.034, ""tackles"": 0.267, ""chances"": 0.267, ""cards"": -0.071}"
569,Woodensky Pierre,Haiti,MID,4.2,Scotland,0.4,40.0,1.601,0.381,"{""appearance"": 0.92, ""goals"": 0.091, ""assists"": 0.075, ""clean_sheet"": 0.052, ""tackles"": 0.267, ""chances"": 0.267, ""cards"": -0.071}"
58,Jordan Bos,Australia,DEF,4.0,Türkiye,0.87,77.6,1.598,0.399,"{""appearance"": 1.648, ""goals"": 0.188, ""assists"": 0.044, ""clean_sheet"": 0.655, ""goals_conceded"": -0.783, ""cards"": -0.155}"
821,Joe Bell,New Zealand,MID,5.1,IR Iran,0.4,40.0,1.592,0.312,"{""appearance"": 0.92, ""goals"": 0.061, ""assists"": 0.072, ""clean_sheet"": 0.076, ""tackles"": 0.267, ""chances"": 0.267, ""cards"": -0.071}"
118,Zeno Debast,Belgium,DEF,4.3,Egypt,0.4,40.0,1.584,0.368,"{""appearance"": 0.92, ""goals"": 0.11, ""assists"": 0.054, ""clean_sheet"": 0.71, ""goals_conceded"": -0.129, ""cards"": -0.08}"
2018,Sofyan Amrabat,Morocco,MID,5.9,Brazil,0.4,40.0,1.583,0.268,"{""appearance"": 0.92, ""goals"": 0.072, ""assists"": 0.068, ""clean_sheet"": 0.062, ""tackles"": 0.267, ""chances"": 0.267, ""cards"": -0.071}"
325,Josip Stanisic,Croatia,DEF,4.3,England,0.84,75.2,1.575,0.366,"{""appearance"": 1.602, ""goals"": 0.095, ""assists"": 0.042, ""clean_sheet"": 0.688, ""goals_conceded"": -0.701, ""cards"": -0.15}"
466,John Stones,England,DEF,4.6,Croatia,0.4,40.0,1.573,0.342,"{""appearance"": 0.92, ""goals"": 0.115, ""assists"": 0.052, ""clean_sheet"": 0.699, ""goals_conceded"": -0.133, ""cards"": -0.08}"
805,Donyell Malen,Netherlands,FWD,6.1,Japan,0.4,40.0,1.572,0.258,"{""appearance"": 0.92, ""goals"": 0.368, ""assists"": 0.084, ""shots_on_target"": 0.244, ""cards"": -0.044}"
1964,Moïse Bombito,Canada,DEF,4.1,Bosnia and Herzegovina,0.4,40.0,1.571,0.383,"{""appearance"": 0.92, ""goals"": 0.114, ""assists"": 0.052, ""clean_sheet"": 0.699, ""goals_conceded"": -0.133, ""cards"": -0.08}"
2034,Haji Wright,USA,FWD,5.3,Paraguay,0.4,40.0,1.565,0.295,"{""appearance"": 0.92, ""goals"": 0.362, ""assists"": 0.083, ""shots_on_target"": 0.244, ""cards"": -0.044}"
437,Mohamed Abdelmonem,Egypt,DEF,4.0,Belgium,0.9,80.0,1.565,0.391,"{""appearance"": 1.695, ""goals"": 0.129, ""assists"": 0.046, ""clean_sheet"": 0.67, ""goals_conceded"": -0.815, ""cards"": -0.16}"
1055,Lamine Camara,Senegal,MID,6.2,France,0.4,40.0,1.563,0.252,"{""appearance"": 0.92, ""goals"": 0.072, ""assists"": 0.058, ""clean_sheet"": 0.05, ""tackles"": 0.267, ""chances"": 0.267, ""cards"": -0.071}"
2014,Noussair Mazraoui,Morocco,DEF,4.4,Brazil,0.87,77.6,1.56,0.355,"{""appearance"": 1.648, ""goals"": 0.117, ""assists"": 0.043, ""clean_sheet"": 0.672, ""goals_conceded"": -0.765, ""cards"": -0.155}"
634,Kevin Yakob,Iraq,MID,5.1,Norway,0.4,40.0,1.557,0.305,"{""appearance"": 0.92, ""goals"": 0.098, ""assists"": 0.049, ""clean_sheet"": 0.028, ""tackles"": 0.267, ""chances"": 0.267, ""cards"": -0.071}"
1023,Findlay Curtis,Scotland,FWD,4.0,Haiti,0.4,40.0,1.553,0.388,"{""appearance"": 0.92, ""goals"": 0.32, ""assists"": 0.114, ""shots_on_target"": 0.244, ""cards"": -0.044}"
293,Samuel Moutoussamy,Congo DR,MID,5.1,Portugal,0.4,40.0,1.547,0.303,"{""appearance"": 0.92, ""goals"": 0.078, ""assists"": 0.052, ""clean_sheet"": 0.035, ""tackles"": 0.267, ""chances"": 0.267, ""cards"": -0.071}"
599,Milad Mohammadi,IR Iran,DEF,3.8,New Zealand,0.4,40.0,1.546,0.407,"{""appearance"": 0.92, ""goals"": 0.085, ""assists"": 0.05, ""clean_sheet"": 0.703, ""goals_conceded"": -0.132, ""cards"": -0.08}"
327,Duje Caleta-Car,Croatia,DEF,4.0,England,0.81,72.8,1.539,0.385,"{""appearance"": 1.555, ""goals"": 0.104, ""assists"": 0.041, ""clean_sheet"": 0.664, ""goals_conceded"": -0.679, ""cards"": -0.146}"
24,Hicham Boudaoui,Algeria,MID,5.5,Argentina,0.4,40.0,1.539,0.28,"{""appearance"": 0.92, ""goals"": 0.056, ""assists"": 0.055, ""clean_sheet"": 0.045, ""tackles"": 0.267, ""chances"": 0.267, ""cards"": -0.071}"
1554,Elias Achouri,Tunisia,MID,4.8,Sweden,0.4,40.0,1.537,0.32,"{""appearance"": 0.92, ""assists"": 0.075, ""clean_sheet"": 0.08, ""tackles"": 0.267, ""chances"": 0.267, ""cards"": -0.071}"
1518,Isak Hien,Sweden,DEF,4.1,Tunisia,0.4,40.0,1.532,0.374,"{""appearance"": 0.92, ""goals"": 0.096, ""assists"": 0.044, ""clean_sheet"": 0.689, ""goals_conceded"": -0.137, ""cards"": -0.08}"
2032,Miles Robinson,USA,DEF,4.0,Paraguay,0.4,40.0,1.528,0.382,"{""appearance"": 0.92, ""goals"": 0.11, ""assists"": 0.046, ""clean_sheet"": 0.674, ""goals_conceded"": -0.143, ""cards"": -0.08}"
439,Mohamed Hany,Egypt,DEF,3.6,Belgium,0.87,77.6,1.521,0.423,"{""appearance"": 1.648, ""goals"": 0.126, ""assists"": 0.045, ""clean_sheet"": 0.648, ""goals_conceded"": -0.791, ""cards"": -0.155}"
388,Lukás Hornícek,Czechia,GK,3.8,Korea Republic,0.12,17.6,1.517,0.399,"{""appearance"": 0.486, ""clean_sheet"": 0.158, ""goals_conceded"": -0.094, ""saves"": 0.977, ""cards"": -0.01}"
67,Lucas Herrington,Australia,DEF,3.5,Türkiye,0.84,75.2,1.517,0.433,"{""appearance"": 1.602, ""goals"": 0.148, ""assists"": 0.043, ""clean_sheet"": 0.633, ""goals_conceded"": -0.758, ""cards"": -0.15}"
318,Mohamed Koné,Côte d'Ivoire,GK,3.7,Ecuador,0.12,17.6,1.516,0.41,"{""appearance"": 0.486, ""clean_sheet"": 0.158, ""goals_conceded"": -0.094, ""saves"": 0.976, ""cards"": -0.01}"
731,Song Bum-Keun,Korea Republic,GK,3.9,Czechia,0.12,17.6,1.516,0.389,"{""appearance"": 0.486, ""clean_sheet"": 0.158, ""goals_conceded"": -0.094, ""saves"": 0.975, ""cards"": -0.01}"
946,Karim Boudiaf,Qatar,MID,4.9,Switzerland,0.4,40.0,1.513,0.309,"{""appearance"": 0.92, ""goals"": 0.055, ""assists"": 0.045, ""clean_sheet"": 0.03, ""tackles"": 0.267, ""chances"": 0.267, ""cards"": -0.071}"
2002,Harry Souttar,Australia,DEF,4.1,Türkiye,0.81,72.8,1.513,0.369,"{""appearance"": 1.555, ""goals"": 0.185, ""assists"": 0.042, ""clean_sheet"": 0.61, ""goals_conceded"": -0.734, ""cards"": -0.146}"
218,Deroy Duarte,Cabo Verde,MID,4.9,Spain,0.4,40.0,1.493,0.305,"{""appearance"": 0.92, ""goals"": 0.055, ""assists"": 0.04, ""clean_sheet"": 0.015, ""tackles"": 0.267, ""chances"": 0.267, ""cards"": -0.071}"
1990,Abdul Fatawu,Ghana,FWD,6.4,Panama,0.4,40.0,1.486,0.232,"{""appearance"": 0.92, ""goals"": 0.282, ""assists"": 0.083, ""shots_on_target"": 0.244, ""cards"": -0.044}"
810,Mark Flekken,Netherlands,GK,4.7,Japan,0.12,17.6,1.485,0.316,"{""appearance"": 0.486, ""clean_sheet"": 0.167, ""goals_conceded"": -0.086, ""saves"": 0.928, ""cards"": -0.01}"
982,Aiman Yahya,Saudi Arabia,MID,5.6,Uruguay,0.4,40.0,1.484,0.265,"{""appearance"": 0.92, ""assists"": 0.054, ""clean_sheet"": 0.048, ""tackles"": 0.267, ""chances"": 0.267, ""cards"": -0.071}"
2016,Issa Diop,Morocco,DEF,4.5,Brazil,0.84,75.2,1.484,0.33,"{""appearance"": 1.602, ""goals"": 0.083, ""assists"": 0.042, ""clean_sheet"": 0.649, ""goals_conceded"": -0.741, ""cards"": -0.15}"
228,Tajon Buchanan,Canada,FWD,5.5,Bosnia and Herzegovina,0.4,40.0,1.48,0.269,"{""appearance"": 0.92, ""goals"": 0.267, ""assists"": 0.092, ""shots_on_target"": 0.244, ""cards"": -0.044}"
444,Yasser Ibrahim,Egypt,DEF,3.5,Belgium,0.84,75.2,1.478,0.422,"{""appearance"": 1.602, ""goals"": 0.123, ""assists"": 0.044, ""clean_sheet"": 0.625, ""goals_conceded"": -0.766, ""cards"": -0.15}"
152,Kerim Alajbegovic,Bosnia and Herzegovina,FWD,4.2,Canada,0.4,40.0,1.476,0.352,"{""appearance"": 0.92, ""goals"": 0.157, ""assists"": 0.051, ""shots_on_target"": 0.244, ""cards"": -0.044, ""set_pieces"": 0.149}"
725,Cho Gue-Sung,Korea Republic,FWD,5.3,Czechia,0.4,40.0,1.469,0.277,"{""appearance"": 0.92, ""goals"": 0.282, ""assists"": 0.067, ""shots_on_target"": 0.244, ""cards"": -0.044}"
880,José Fajardo,Panama,FWD,4.7,Ghana,0.4,40.0,1.468,0.312,"{""appearance"": 0.92, ""goals"": 0.285, ""assists"": 0.064, ""shots_on_target"": 0.244, ""cards"": -0.044}"
415,Kevin Rodríguez,Ecuador,FWD,4.9,Côte d'Ivoire,0.4,40.0,1.456,0.297,"{""appearance"": 0.92, ""goals"": 0.269, ""assists"": 0.066, ""shots_on_target"": 0.244, ""cards"": -0.044}"
611,Alireza Jahanbakhsh,IR Iran,FWD,5.3,New Zealand,0.4,40.0,1.454,0.274,"{""appearance"": 0.92, ""goals"": 0.246, ""assists"": 0.089, ""shots_on_target"": 0.244, ""cards"": -0.044}"
384,Mojmír Chytil,Czechia,FWD,4.9,Korea Republic,0.4,40.0,1.454,0.297,"{""appearance"": 0.92, ""goals"": 0.269, ""assists"": 0.065, ""shots_on_target"": 0.244, ""cards"": -0.044}"
438,Ahmed Fatouh,Egypt,DEF,3.9,Belgium,0.81,72.8,1.451,0.372,"{""appearance"": 1.555, ""goals"": 0.137, ""assists"": 0.043, ""clean_sheet"": 0.603, ""goals_conceded"": -0.742, ""cards"": -0.146}"
1125,Anthony Elanga,Sweden,FWD,5.8,Tunisia,0.4,40.0,1.449,0.25,"{""appearance"": 0.92, ""goals"": 0.25, ""assists"": 0.079, ""shots_on_target"": 0.244, ""cards"": -0.044}"
676,Kento Shiogai,Japan,FWD,4.0,Netherlands,0.4,40.0,1.443,0.361,"{""appearance"": 0.92, ""goals"": 0.258, ""assists"": 0.065, ""shots_on_target"": 0.244, ""cards"": -0.044}"
2015,Redouane Halhal,Morocco,DEF,3.5,Brazil,0.81,72.8,1.44,0.411,"{""appearance"": 1.555, ""goals"": 0.081, ""assists"": 0.041, ""clean_sheet"": 0.626, ""goals_conceded"": -0.718, ""cards"": -0.146}"
1972,Joseph Anang,Ghana,GK,3.6,Panama,0.12,17.6,1.435,0.399,"{""appearance"": 0.486, ""clean_sheet"": 0.184, ""goals_conceded"": -0.074, ""saves"": 0.849, ""cards"": -0.01}"
1065,Khuliso Mudau,South Africa,DEF,3.6,Mexico,0.9,80.0,1.42,0.394,"{""appearance"": 1.695, ""goals"": 0.099, ""assists"": 0.031, ""clean_sheet"": 0.623, ""goals_conceded"": -0.869, ""cards"": -0.16}"
1063,Aubrey Modiba,South Africa,DEF,3.7,Mexico,0.9,80.0,1.415,0.382,"{""appearance"": 1.695, ""goals"": 0.094, ""assists"": 0.031, ""clean_sheet"": 0.623, ""goals_conceded"": -0.869, ""cards"": -0.16}"
1069,Ime Okon,South Africa,DEF,3.5,Mexico,0.9,80.0,1.415,0.404,"{""appearance"": 1.695, ""goals"": 0.094, ""assists"": 0.031, ""clean_sheet"": 0.623, ""goals_conceded"": -0.869, ""cards"": -0.16}"
2023,Soufiane Rahimi,Morocco,FWD,5.6,Brazil,0.4,40.0,1.411,0.252,"{""appearance"": 0.92, ""goals"": 0.242, ""assists"": 0.049, ""shots_on_target"": 0.244, ""cards"": -0.044}"
1066,Nkosinathi Sibisi,South Africa,DEF,3.6,Mexico,0.9,80.0,1.41,0.392,"{""appearance"": 1.695, ""goals"": 0.09, ""assists"": 0.031, ""clean_sheet"": 0.623, ""goals_conceded"": -0.869, ""cards"": -0.16}"
1067,Mbekezeli Mbokazi,South Africa,DEF,3.5,Mexico,0.9,80.0,1.41,0.403,"{""appearance"": 1.695, ""goals"": 0.09, ""assists"": 0.031, ""clean_sheet"": 0.623, ""goals_conceded"": -0.869, ""cards"": -0.16}"
835,Jesse Randall,New Zealand,FWD,4.0,IR Iran,0.4,40.0,1.408,0.352,"{""appearance"": 0.92, ""goals"": 0.236, ""assists"": 0.052, ""shots_on_target"": 0.244, ""cards"": -0.044}"
1271,Matt Freese,USA,GK,4.2,Paraguay,0.12,17.6,1.386,0.33,"{""appearance"": 0.486, ""clean_sheet"": 0.202, ""goals_conceded"": -0.063, ""saves"": 0.771, ""cards"": -0.01}"
581,Duke Lacroix,Haiti,DEF,3.5,Scotland,0.9,80.0,1.386,0.396,"{""appearance"": 1.695, ""goals"": 0.126, ""assists"": 0.049, ""clean_sheet"": 0.588, ""goals_conceded"": -0.912, ""cards"": -0.16}"
1981,Gideon Mensah,Ghana,DEF,3.9,Panama,0.4,40.0,1.383,0.355,"{""appearance"": 0.92, ""goals"": 0.052, ""assists"": 0.046, ""clean_sheet"": 0.614, ""goals_conceded"": -0.169, ""cards"": -0.08}"
905,Gabriel Ávalos,Paraguay,FWD,4.9,USA,0.4,40.0,1.377,0.281,"{""appearance"": 0.92, ""goals"": 0.206, ""assists"": 0.051, ""shots_on_target"": 0.244, ""cards"": -0.044}"
1515,Jacob Widell Zetterström,Sweden,GK,3.7,Tunisia,0.12,17.6,1.375,0.372,"{""appearance"": 0.486, ""clean_sheet"": 0.207, ""goals_conceded"": -0.06, ""saves"": 0.752, ""cards"": -0.01}"
333,Andrej Kramaric,Croatia,FWD,6.2,England,0.4,40.0,1.369,0.221,"{""appearance"": 0.92, ""goals"": 0.201, ""assists"": 0.048, ""shots_on_target"": 0.244, ""cards"": -0.044}"
237,Owen Goodman,Canada,GK,3.5,Bosnia and Herzegovina,0.12,17.6,1.368,0.391,"{""appearance"": 0.486, ""clean_sheet"": 0.21, ""goals_conceded"": -0.059, ""saves"": 0.741, ""cards"": -0.01}"
479,James Trafford,England,GK,4.0,Croatia,0.12,17.6,1.368,0.342,"{""appearance"": 0.486, ""clean_sheet"": 0.21, ""goals_conceded"": -0.059, ""saves"": 0.74, ""cards"": -0.01}"
1997,Mikel Merino,Spain,MID,6.2,Cabo Verde,0.12,17.6,1.367,0.22,"{""appearance"": 0.486, ""goals"": 0.457, ""assists"": 0.158, ""clean_sheet"": 0.062, ""tackles"": 0.117, ""chances"": 0.117, ""cards"": -0.031}"
622,Hossein Hosseini,IR Iran,GK,3.8,New Zealand,0.12,17.6,1.365,0.359,"{""appearance"": 0.486, ""clean_sheet"": 0.211, ""goals_conceded"": -0.058, ""saves"": 0.735, ""cards"": -0.01}"
1174,Ismaël Gharbi,Tunisia,FWD,4.6,Sweden,0.4,40.0,1.361,0.296,"{""appearance"": 0.92, ""goals"": 0.187, ""assists"": 0.054, ""shots_on_target"": 0.244, ""cards"": -0.044}"
1523,Mike Penders,Belgium,GK,3.5,Egypt,0.12,17.6,1.36,0.389,"{""appearance"": 0.486, ""clean_sheet"": 0.213, ""goals_conceded"": -0.057, ""saves"": 0.728, ""cards"": -0.01}"
2072,Assan Ouédraogo,Germany,MID,4.5,Curaçao,0.12,17.6,1.359,0.302,"{""appearance"": 0.486, ""goals"": 0.421, ""assists"": 0.19, ""clean_sheet"": 0.058, ""tackles"": 0.117, ""chances"": 0.117, ""cards"": -0.031}"
802,Jan Paul van Hecke,Netherlands,DEF,4.3,Japan,0.4,40.0,1.358,0.316,"{""appearance"": 0.92, ""goals"": 0.11, ""assists"": 0.047, ""clean_sheet"": 0.558, ""goals_conceded"": -0.197, ""cards"": -0.08}"
70,Nishan Velupillay,Australia,FWD,4.4,Türkiye,0.4,40.0,1.357,0.309,"{""appearance"": 0.92, ""goals"": 0.188, ""assists"": 0.049, ""shots_on_target"": 0.244, ""cards"": -0.044}"
1343,Weverton,Brazil,GK,4.5,Morocco,0.12,17.6,1.352,0.3,"{""appearance"": 0.486, ""clean_sheet"": 0.216, ""goals_conceded"": -0.055, ""saves"": 0.714, ""cards"": -0.01}"
1213,Mert Günok,Türkiye,GK,4.0,Australia,0.12,17.6,1.346,0.337,"{""appearance"": 0.486, ""clean_sheet"": 0.219, ""goals_conceded"": -0.054, ""saves"": 0.705, ""cards"": -0.01}"
1024,Liam Kelly,Scotland,GK,3.7,Haiti,0.12,17.6,1.346,0.364,"{""appearance"": 0.486, ""clean_sheet"": 0.219, ""goals_conceded"": -0.054, ""saves"": 0.704, ""cards"": -0.01}"
425,Gonzalo Valle,Ecuador,GK,3.6,Côte d'Ivoire,0.12,17.6,1.345,0.374,"{""appearance"": 0.486, ""clean_sheet"": 0.219, ""goals_conceded"": -0.054, ""saves"": 0.703, ""cards"": -0.01}"
1307,Igor Sergeev,Uzbekistan,FWD,6.1,Colombia,0.4,40.0,1.345,0.22,"{""appearance"": 0.92, ""goals"": 0.189, ""assists"": 0.035, ""shots_on_target"": 0.244, ""cards"": -0.044}"
707,Ali Azaizeh,Jordan,FWD,4.0,Austria,0.4,40.0,1.345,0.336,"{""appearance"": 0.92, ""goals"": 0.177, ""assists"": 0.048, ""shots_on_target"": 0.244, ""cards"": -0.044}"
1041,Nicolas Jackson,Senegal,FWD,6.7,France,0.4,40.0,1.344,0.201,"{""appearance"": 0.92, ""goals"": 0.182, ""assists"": 0.042, ""shots_on_target"": 0.244, ""cards"": -0.044}"
584,Frantzdy Pierrot,Haiti,FWD,4.7,Scotland,0.4,40.0,1.343,0.286,"{""appearance"": 0.92, ""goals"": 0.169, ""assists"": 0.054, ""shots_on_target"": 0.244, ""cards"": -0.044}"
10,Amine Gouiri,Algeria,FWD,6.2,Argentina,0.4,40.0,1.332,0.215,"{""appearance"": 0.92, ""goals"": 0.173, ""assists"": 0.039, ""shots_on_target"": 0.244, ""cards"": -0.044}"
755,Guillermo Ochoa,Mexico,GK,4.2,South Africa,0.15,20.0,1.33,0.317,"{""appearance"": 0.532, ""clean_sheet"": 0.358, ""goals_conceded"": -0.031, ""saves"": 0.481, ""cards"": -0.011}"
756,Carlos Acevedo,Mexico,GK,4.0,South Africa,0.15,20.0,1.33,0.332,"{""appearance"": 0.532, ""clean_sheet"": 0.358, ""goals_conceded"": -0.031, ""saves"": 0.481, ""cards"": -0.011}"
308,Nicolas Pépé,Côte d'Ivoire,FWD,5.9,Ecuador,0.4,40.0,1.326,0.225,"{""appearance"": 0.92, ""goals"": 0.156, ""assists"": 0.05, ""shots_on_target"": 0.244, ""cards"": -0.044}"
577,Ricardo Adé,Haiti,DEF,3.5,Scotland,0.87,77.6,1.322,0.378,"{""appearance"": 1.648, ""goals"": 0.098, ""assists"": 0.047, ""clean_sheet"": 0.569, ""goals_conceded"": -0.885, ""cards"": -0.155}"
285,Fiston Mayele,Congo DR,FWD,4.9,Portugal,0.4,40.0,1.318,0.269,"{""appearance"": 0.92, ""goals"": 0.161, ""assists"": 0.037, ""shots_on_target"": 0.244, ""cards"": -0.044}"
1428,Robin Risser,France,GK,3.5,Senegal,0.12,17.6,1.299,0.371,"{""appearance"": 0.486, ""clean_sheet"": 0.241, ""goals_conceded"": -0.044, ""saves"": 0.626, ""cards"": -0.01}"
448,Haissem Hassan,Egypt,FWD,4.6,Belgium,0.4,40.0,1.297,0.282,"{""appearance"": 0.92, ""goals"": 0.127, ""assists"": 0.05, ""shots_on_target"": 0.244, ""cards"": -0.044}"
1035,El Hadji Malick Diouf,Senegal,DEF,4.1,France,0.87,77.6,1.292,0.315,"{""appearance"": 1.648, ""goals"": 0.143, ""assists"": 0.037, ""clean_sheet"": 0.54, ""goals_conceded"": -0.922, ""cards"": -0.155}"
99,Patrick Pentz,Austria,GK,4.6,Jordan,0.12,17.6,1.29,0.28,"{""appearance"": 0.486, ""clean_sheet"": 0.245, ""goals_conceded"": -0.042, ""saves"": 0.611, ""cards"": -0.01}"
578,Martin Expérience,Haiti,DEF,3.5,Scotland,0.84,75.2,1.285,0.367,"{""appearance"": 1.602, ""goals"": 0.096, ""assists"": 0.046, ""clean_sheet"": 0.549, ""goals_conceded"": -0.857, ""cards"": -0.15}"
367,Jeremy Antonisse,Curaçao,FWD,4.0,Germany,0.4,40.0,1.275,0.319,"{""appearance"": 0.92, ""goals"": 0.118, ""assists"": 0.038, ""shots_on_target"": 0.244, ""cards"": -0.044}"
1037,Kalidou Koulibaly,Senegal,DEF,4.9,France,0.9,80.0,1.275,0.26,"{""appearance"": 1.695, ""goals"": 0.094, ""assists"": 0.038, ""clean_sheet"": 0.559, ""goals_conceded"": -0.951, ""cards"": -0.16}"
1081,Yéremy Pino,Spain,MID,5.9,Cabo Verde,0.12,17.6,1.269,0.215,"{""appearance"": 0.486, ""goals"": 0.362, ""assists"": 0.156, ""clean_sheet"": 0.062, ""tackles"": 0.117, ""chances"": 0.117, ""cards"": -0.031}"
1246,Santiago Mele,Uruguay,GK,3.5,Saudi Arabia,0.12,17.6,1.263,0.361,"{""appearance"": 0.486, ""clean_sheet"": 0.259, ""goals_conceded"": -0.036, ""saves"": 0.564, ""cards"": -0.01}"
378,Robin Hranác,Czechia,DEF,3.9,Korea Republic,0.4,40.0,1.263,0.324,"{""appearance"": 0.92, ""goals"": 0.075, ""assists"": 0.036, ""clean_sheet"": 0.526, ""goals_conceded"": -0.214, ""cards"": -0.08}"
305,Ghislain Konan,Côte d'Ivoire,DEF,4.0,Ecuador,0.4,40.0,1.262,0.316,"{""appearance"": 0.92, ""goals"": 0.081, ""assists"": 0.028, ""clean_sheet"": 0.527, ""goals_conceded"": -0.214, ""cards"": -0.08}"
1604,Maximilian Beier,Germany,FWD,6.5,Curaçao,0.12,17.6,1.261,0.194,"{""appearance"": 0.486, ""goals"": 0.546, ""assists"": 0.141, ""shots_on_target"": 0.108, ""cards"": -0.02}"
47,Juan Musso,Argentina,GK,4.3,Algeria,0.12,17.6,1.259,0.293,"{""appearance"": 0.486, ""clean_sheet"": 0.262, ""goals_conceded"": -0.035, ""saves"": 0.556, ""cards"": -0.01}"
722,Kim Tae-Hyeon,Korea Republic,DEF,3.6,Czechia,0.4,40.0,1.259,0.35,"{""appearance"": 0.92, ""goals"": 0.068, ""assists"": 0.037, ""clean_sheet"": 0.527, ""goals_conceded"": -0.214, ""cards"": -0.08}"
648,Ali Jasim,Iraq,FWD,4.9,Norway,0.4,40.0,1.254,0.256,"{""appearance"": 0.92, ""goals"": 0.1, ""assists"": 0.035, ""shots_on_target"": 0.244, ""cards"": -0.044}"
208,Dailon Livramento,Cabo Verde,FWD,4.9,Spain,0.4,40.0,1.253,0.256,"{""appearance"": 0.92, ""goals"": 0.105, ""assists"": 0.028, ""shots_on_target"": 0.244, ""cards"": -0.044}"
1538,Keeto Thermoncy,Haiti,DEF,3.5,Scotland,0.81,72.8,1.248,0.357,"{""appearance"": 1.555, ""goals"": 0.093, ""assists"": 0.045, ""clean_sheet"": 0.529, ""goals_conceded"": -0.83, ""cards"": -0.146}"
932,José Sá,Portugal,GK,4.7,Congo DR,0.12,17.6,1.247,0.265,"{""appearance"": 0.486, ""clean_sheet"": 0.268, ""goals_conceded"": -0.033, ""saves"": 0.535, ""cards"": -0.01}"
983,Saud Abdulhamid,Saudi Arabia,DEF,4.1,Uruguay,0.9,80.0,1.246,0.304,"{""appearance"": 1.695, ""goals"": 0.118, ""assists"": 0.035, ""clean_sheet"": 0.538, ""goals_conceded"": -0.98, ""cards"": -0.16}"
264,Álvaro Montero,Colombia,GK,3.8,Uzbekistan,0.12,17.6,1.244,0.327,"{""appearance"": 0.486, ""clean_sheet"": 0.27, ""goals_conceded"": -0.032, ""saves"": 0.531, ""cards"": -0.01}"
1682,Thelo Aasgaard,Norway,MID,5.5,Iraq,0.12,17.6,1.236,0.225,"{""appearance"": 0.486, ""goals"": 0.359, ""assists"": 0.132, ""clean_sheet"": 0.056, ""tackles"": 0.117, ""chances"": 0.117, ""cards"": -0.031}"
540,Leon Goretzka,Germany,MID,6.1,Curaçao,0.12,17.6,1.236,0.203,"{""appearance"": 0.486, ""goals"": 0.301, ""assists"": 0.187, ""clean_sheet"": 0.058, ""tackles"": 0.117, ""chances"": 0.117, ""cards"": -0.031}"
1601,Felix Nmecha,Germany,MID,5.6,Curaçao,0.12,17.6,1.236,0.221,"{""appearance"": 0.486, ""goals"": 0.301, ""assists"": 0.187, ""clean_sheet"": 0.058, ""tackles"": 0.117, ""chances"": 0.117, ""cards"": -0.031}"
862,Jens Petter Hauge,Norway,MID,5.9,Iraq,0.12,17.6,1.234,0.209,"{""appearance"": 0.486, ""goals"": 0.357, ""assists"": 0.132, ""clean_sheet"": 0.056, ""tackles"": 0.117, ""chances"": 0.117, ""cards"": -0.031}"
1581,Christian Fassnacht,Switzerland,MID,6.1,Qatar,0.12,17.6,1.231,0.202,"{""appearance"": 0.486, ""goals"": 0.358, ""assists"": 0.125, ""clean_sheet"": 0.058, ""tackles"": 0.117, ""chances"": 0.117, ""cards"": -0.031}"
860,Egil Selvik,Norway,GK,3.8,Iraq,0.12,17.6,1.226,0.323,"{""appearance"": 0.486, ""clean_sheet"": 0.28, ""goals_conceded"": -0.029, ""saves"": 0.498, ""cards"": -0.01}"
1155,Marvin Keller,Switzerland,GK,3.7,Qatar,0.12,17.6,1.21,0.327,"{""appearance"": 0.486, ""clean_sheet"": 0.291, ""goals_conceded"": -0.026, ""saves"": 0.469, ""cards"": -0.01}"
534,Oliver Baumann,Germany,GK,4.3,Curaçao,0.12,17.6,1.21,0.281,"{""appearance"": 0.486, ""clean_sheet"": 0.291, ""goals_conceded"": -0.026, ""saves"": 0.469, ""cards"": -0.01}"
1476,Gilberto Mora,Mexico,MID,4.5,South Africa,0.15,20.0,1.198,0.266,"{""appearance"": 0.532, ""goals"": 0.267, ""assists"": 0.096, ""clean_sheet"": 0.072, ""tackles"": 0.133, ""chances"": 0.133, ""cards"": -0.036}"
1033,Mamadou Sarr,Senegal,DEF,4.7,France,0.84,75.2,1.193,0.254,"{""appearance"": 1.602, ""goals"": 0.078, ""assists"": 0.036, ""clean_sheet"": 0.522, ""goals_conceded"": -0.894, ""cards"": -0.15}"
1101,Joan García,Spain,GK,4.0,Cabo Verde,0.12,17.6,1.182,0.295,"{""appearance"": 0.486, ""clean_sheet"": 0.309, ""goals_conceded"": -0.021, ""saves"": 0.418, ""cards"": -0.01}"
1473,César Huerta,Mexico,MID,6.3,South Africa,0.15,20.0,1.18,0.187,"{""appearance"": 0.532, ""goals"": 0.249, ""assists"": 0.096, ""clean_sheet"": 0.072, ""tackles"": 0.133, ""chances"": 0.133, ""cards"": -0.036}"
1953,Jehad Thikri,Saudi Arabia,DEF,4.0,Uruguay,0.87,77.6,1.175,0.294,"{""appearance"": 1.648, ""goals"": 0.079, ""assists"": 0.034, ""clean_sheet"": 0.52, ""goals_conceded"": -0.951, ""cards"": -0.155}"
915,Samú Costa,Portugal,MID,5.6,Congo DR,0.12,17.6,1.171,0.209,"{""appearance"": 0.486, ""goals"": 0.31, ""assists"": 0.118, ""clean_sheet"": 0.054, ""tackles"": 0.117, ""chances"": 0.117, ""cards"": -0.031}"
1133,Johan Manzambi,Switzerland,MID,5.6,Qatar,0.12,17.6,1.169,0.209,"{""appearance"": 0.486, ""goals"": 0.297, ""assists"": 0.124, ""clean_sheet"": 0.058, ""tackles"": 0.117, ""chances"": 0.117, ""cards"": -0.031}"
1293,Abdukodir Khusanov,Uzbekistan,DEF,4.3,Colombia,0.9,80.0,1.166,0.271,"{""appearance"": 1.695, ""goals"": 0.063, ""assists"": 0.032, ""clean_sheet"": 0.529, ""goals_conceded"": -0.992, ""cards"": -0.16}"
1998,Fabián Ruiz,Spain,MID,6.8,Cabo Verde,0.12,17.6,1.165,0.171,"{""appearance"": 0.486, ""goals"": 0.259, ""assists"": 0.154, ""clean_sheet"": 0.062, ""tackles"": 0.117, ""chances"": 0.117, ""cards"": -0.031}"
762,Orbelín Pineda,Mexico,MID,6.2,South Africa,0.15,20.0,1.164,0.188,"{""appearance"": 0.532, ""goals"": 0.233, ""assists"": 0.095, ""clean_sheet"": 0.072, ""tackles"": 0.133, ""chances"": 0.133, ""cards"": -0.036}"
7,Rafik Belghali,Algeria,DEF,3.5,Argentina,0.9,80.0,1.162,0.332,"{""appearance"": 1.695, ""goals"": 0.106, ""assists"": 0.035, ""clean_sheet"": 0.509, ""goals_conceded"": -1.022, ""cards"": -0.16}"
104,Alessandro Schöpf,Austria,MID,5.3,Jordan,0.12,17.6,1.161,0.219,"{""appearance"": 0.486, ""goals"": 0.304, ""assists"": 0.119, ""clean_sheet"": 0.049, ""tackles"": 0.117, ""chances"": 0.117, ""cards"": -0.031}"
1039,Antoine Mendy,Senegal,DEF,3.7,France,0.81,72.8,1.159,0.313,"{""appearance"": 1.555, ""goals"": 0.076, ""assists"": 0.035, ""clean_sheet"": 0.503, ""goals_conceded"": -0.865, ""cards"": -0.146}"
992,Feras Al Brikan,Saudi Arabia,FWD,5.3,Uruguay,0.4,40.0,1.158,0.218,"{""appearance"": 0.92, ""assists"": 0.038, ""shots_on_target"": 0.244, ""cards"": -0.044}"
1583,Cedric Itten,Switzerland,FWD,5.4,Qatar,0.12,17.6,1.156,0.214,"{""appearance"": 0.486, ""goals"": 0.489, ""assists"": 0.093, ""shots_on_target"": 0.108, ""cards"": -0.02}"
2065,Rodrigo Zalazar,Uruguay,MID,6.0,Saudi Arabia,0.12,17.6,1.154,0.192,"{""appearance"": 0.486, ""goals"": 0.31, ""assists"": 0.102, ""clean_sheet"": 0.052, ""tackles"": 0.117, ""chances"": 0.117, ""cards"": -0.031}"
1510,Ahmed Alaa,Qatar,FWD,5.5,Switzerland,0.4,40.0,1.152,0.209,"{""appearance"": 0.92, ""assists"": 0.032, ""shots_on_target"": 0.244, ""cards"": -0.044}"
873,César Blackman,Panama,DEF,3.7,Ghana,0.4,40.0,1.143,0.309,"{""appearance"": 0.92, ""goals"": 0.112, ""assists"": 0.036, ""clean_sheet"": 0.432, ""goals_conceded"": -0.277, ""cards"": -0.08}"
1951,Hassan Al Tambakti,Saudi Arabia,DEF,4.5,Uruguay,0.84,75.2,1.143,0.254,"{""appearance"": 1.602, ""goals"": 0.077, ""assists"": 0.034, ""clean_sheet"": 0.502, ""goals_conceded"": -0.921, ""cards"": -0.15}"
987,Nawaf Bu Washl,Saudi Arabia,DEF,3.5,Uruguay,0.81,72.8,1.139,0.325,"{""appearance"": 1.555, ""goals"": 0.105, ""assists"": 0.033, ""clean_sheet"": 0.484, ""goals_conceded"": -0.892, ""cards"": -0.146}"
1300,Umar Eshmurodov,Uzbekistan,DEF,3.5,Colombia,0.87,77.6,1.139,0.325,"{""appearance"": 1.648, ""goals"": 0.065, ""assists"": 0.031, ""clean_sheet"": 0.512, ""goals_conceded"": -0.963, ""cards"": -0.155}"
1602,Aleksandar Pavlovic,Germany,MID,5.5,Curaçao,0.12,17.6,1.137,0.207,"{""appearance"": 0.486, ""goals"": 0.205, ""assists"": 0.185, ""clean_sheet"": 0.058, ""tackles"": 0.117, ""chances"": 0.117, ""cards"": -0.031}"
55,Thiago Almada,Argentina,MID,6.5,Algeria,0.12,17.6,1.136,0.175,"{""appearance"": 0.486, ""goals"": 0.289, ""assists"": 0.105, ""clean_sheet"": 0.052, ""tackles"": 0.117, ""chances"": 0.117, ""cards"": -0.031}"
1295,Sherzod Nasrullaev,Uzbekistan,DEF,3.7,Colombia,0.81,72.8,1.136,0.307,"{""appearance"": 1.555, ""goals"": 0.123, ""assists"": 0.03, ""clean_sheet"": 0.476, ""goals_conceded"": -0.903, ""cards"": -0.146}"
538,Pascal Groß,Germany,MID,5.6,Curaçao,0.12,17.6,1.135,0.203,"{""appearance"": 0.486, ""goals"": 0.203, ""assists"": 0.185, ""clean_sheet"": 0.058, ""tackles"": 0.117, ""chances"": 0.117, ""cards"": -0.031}"
1294,Rustam Ashurmatov,Uzbekistan,DEF,3.7,Colombia,0.84,75.2,1.132,0.306,"{""appearance"": 1.602, ""goals"": 0.089, ""assists"": 0.03, ""clean_sheet"": 0.494, ""goals_conceded"": -0.933, ""cards"": -0.15}"
1,Rayan Aït-Nouri,Algeria,DEF,4.9,Argentina,0.87,77.6,1.131,0.231,"{""appearance"": 1.648, ""goals"": 0.103, ""assists"": 0.035, ""clean_sheet"": 0.492, ""goals_conceded"": -0.992, ""cards"": -0.155}"
925,Pedro Neto,Portugal,MID,6.4,Congo DR,0.12,17.6,1.13,0.177,"{""appearance"": 0.486, ""goals"": 0.269, ""assists"": 0.118, ""clean_sheet"": 0.054, ""tackles"": 0.117, ""chances"": 0.117, ""cards"": -0.031}"
928,Francisco Conceição,Portugal,MID,5.7,Congo DR,0.12,17.6,1.13,0.198,"{""appearance"": 0.486, ""goals"": 0.269, ""assists"": 0.118, ""clean_sheet"": 0.054, ""tackles"": 0.117, ""chances"": 0.117, ""cards"": -0.031}"
751,Alexis Vega,Mexico,FWD,5.3,South Africa,0.15,20.0,1.128,0.213,"{""appearance"": 0.532, ""goals"": 0.215, ""assists"": 0.068, ""shots_on_target"": 0.122, ""cards"": -0.022, ""set_pieces"": 0.212}"
1582,Zeki Amdouni,Switzerland,FWD,4.9,Qatar,0.12,17.6,1.108,0.226,"{""appearance"": 0.486, ""goals"": 0.442, ""assists"": 0.092, ""shots_on_target"": 0.108, ""cards"": -0.02}"
1084,Martín Zubimendi,Spain,MID,6.1,Cabo Verde,0.12,17.6,1.105,0.181,"{""appearance"": 0.486, ""goals"": 0.2, ""assists"": 0.153, ""clean_sheet"": 0.062, ""tackles"": 0.117, ""chances"": 0.117, ""cards"": -0.031}"
1589,Can Uzun,Türkiye,MID,5.3,Australia,0.12,17.6,1.103,0.208,"{""appearance"": 0.486, ""goals"": 0.274, ""assists"": 0.097, ""clean_sheet"": 0.044, ""tackles"": 0.117, ""chances"": 0.117, ""cards"": -0.031}"
1477,Luis Chávez,Mexico,MID,6.3,South Africa,0.15,20.0,1.103,0.175,"{""appearance"": 0.532, ""goals"": 0.173, ""assists"": 0.095, ""clean_sheet"": 0.072, ""tackles"": 0.133, ""chances"": 0.133, ""cards"": -0.036}"
2,Ramy Bensebaini,Algeria,DEF,4.4,Argentina,0.81,72.8,1.1,0.25,"{""appearance"": 1.555, ""goals"": 0.13, ""assists"": 0.033, ""clean_sheet"": 0.458, ""goals_conceded"": -0.93, ""cards"": -0.146}"
1999,Gavi,Spain,MID,6.5,Cabo Verde,0.12,17.6,1.099,0.169,"{""appearance"": 0.486, ""goals"": 0.195, ""assists"": 0.153, ""clean_sheet"": 0.062, ""tackles"": 0.117, ""chances"": 0.117, ""cards"": -0.031}"
268,Jaminton Campaz,Colombia,MID,5.5,Uzbekistan,0.12,17.6,1.099,0.2,"{""appearance"": 0.486, ""goals"": 0.256, ""assists"": 0.1, ""clean_sheet"": 0.054, ""tackles"": 0.117, ""chances"": 0.117, ""cards"": -0.031}"
1326,Giovani Lo Celso,Argentina,MID,6.2,Algeria,0.12,17.6,1.073,0.173,"{""appearance"": 0.486, ""goals"": 0.227, ""assists"": 0.104, ""clean_sheet"": 0.052, ""tackles"": 0.117, ""chances"": 0.117, ""cards"": -0.031}"
845,Patrick Berg,Norway,MID,5.6,Iraq,0.12,17.6,1.073,0.192,"{""appearance"": 0.486, ""goals"": 0.198, ""assists"": 0.129, ""clean_sheet"": 0.056, ""tackles"": 0.117, ""chances"": 0.117, ""cards"": -0.031}"
519,Angelo Stiller,Germany,MID,5.8,Curaçao,0.12,17.6,1.072,0.185,"{""appearance"": 0.486, ""goals"": 0.141, ""assists"": 0.183, ""clean_sheet"": 0.058, ""tackles"": 0.117, ""chances"": 0.117, ""cards"": -0.031}"
110,Paul Wanner,Austria,MID,5.6,Jordan,0.12,17.6,1.069,0.191,"{""appearance"": 0.486, ""goals"": 0.213, ""assists"": 0.117, ""clean_sheet"": 0.049, ""tackles"": 0.117, ""chances"": 0.117, ""cards"": -0.031}"
858,Jørgen Strand Larsen,Norway,FWD,5.6,Iraq,0.12,17.6,1.069,0.191,"{""appearance"": 0.486, ""goals"": 0.399, ""assists"": 0.096, ""shots_on_target"": 0.108, ""cards"": -0.02}"
1225,Nicolás de la Cruz,Uruguay,MID,5.9,Saudi Arabia,0.12,17.6,1.062,0.18,"{""appearance"": 0.486, ""goals"": 0.22, ""assists"": 0.101, ""clean_sheet"": 0.052, ""tackles"": 0.117, ""chances"": 0.117, ""cards"": -0.031}"
844,Morten Thorsby,Norway,MID,5.6,Iraq,0.12,17.6,1.059,0.189,"{""appearance"": 0.486, ""goals"": 0.184, ""assists"": 0.129, ""clean_sheet"": 0.056, ""tackles"": 0.117, ""chances"": 0.117, ""cards"": -0.031}"
514,Maghnes Akliouche,France,MID,6.4,Senegal,0.12,17.6,1.059,0.165,"{""appearance"": 0.486, ""goals"": 0.222, ""assists"": 0.099, ""clean_sheet"": 0.048, ""tackles"": 0.117, ""chances"": 0.117, ""cards"": -0.031}"
8,Achref Abada,Algeria,DEF,3.5,Argentina,0.84,75.2,1.057,0.302,"{""appearance"": 1.602, ""goals"": 0.058, ""assists"": 0.034, ""clean_sheet"": 0.475, ""goals_conceded"": -0.961, ""cards"": -0.15}"
42,Nico González,Argentina,MID,5.6,Algeria,0.12,17.6,1.056,0.189,"{""appearance"": 0.486, ""goals"": 0.211, ""assists"": 0.104, ""clean_sheet"": 0.052, ""tackles"": 0.117, ""chances"": 0.117, ""cards"": -0.031}"
1097,Víctor Muñoz,Spain,FWD,4.0,Cabo Verde,0.12,17.6,1.053,0.263,"{""appearance"": 0.486, ""goals"": 0.366, ""assists"": 0.113, ""shots_on_target"": 0.108, ""cards"": -0.02}"
1138,Remo Freuler,Switzerland,MID,5.9,Qatar,0.12,17.6,1.051,0.178,"{""appearance"": 0.486, ""goals"": 0.181, ""assists"": 0.122, ""clean_sheet"": 0.058, ""tackles"": 0.117, ""chances"": 0.117, ""cards"": -0.031}"
1167,Omar Rekik,Tunisia,DEF,3.8,Sweden,0.4,40.0,1.05,0.276,"{""appearance"": 0.92, ""goals"": 0.087, ""assists"": 0.03, ""clean_sheet"": 0.398, ""goals_conceded"": -0.305, ""cards"": -0.08}"
474,Anthony Gordon,England,MID,7.0,Croatia,0.12,17.6,1.05,0.15,"{""appearance"": 0.486, ""goals"": 0.232, ""assists"": 0.087, ""clean_sheet"": 0.042, ""tackles"": 0.117, ""chances"": 0.117, ""cards"": -0.031}"
1524,Hans Vanaken,Belgium,MID,5.5,Egypt,0.12,17.6,1.046,0.19,"{""appearance"": 0.486, ""goals"": 0.224, ""assists"": 0.09, ""clean_sheet"": 0.043, ""tackles"": 0.117, ""chances"": 0.117, ""cards"": -0.031}"
176,Gabriel Martinelli,Brazil,MID,6.5,Morocco,0.12,17.6,1.045,0.161,"{""appearance"": 0.486, ""goals"": 0.224, ""assists"": 0.088, ""clean_sheet"": 0.043, ""tackles"": 0.117, ""chances"": 0.117, ""cards"": -0.031}"
1222,Facundo Pellistri,Uruguay,MID,5.2,Saudi Arabia,0.12,17.6,1.044,0.201,"{""appearance"": 0.486, ""goals"": 0.203, ""assists"": 0.101, ""clean_sheet"": 0.052, ""tackles"": 0.117, ""chances"": 0.117, ""cards"": -0.031}"
1478,Luis Romo,Mexico,MID,5.5,South Africa,0.15,20.0,1.043,0.19,"{""appearance"": 0.532, ""goals"": 0.114, ""assists"": 0.094, ""clean_sheet"": 0.072, ""tackles"": 0.133, ""chances"": 0.133, ""cards"": -0.036}"
1137,Michel Aebischer,Switzerland,MID,5.9,Qatar,0.12,17.6,1.039,0.176,"{""appearance"": 0.486, ""goals"": 0.169, ""assists"": 0.122, ""clean_sheet"": 0.058, ""tackles"": 0.117, ""chances"": 0.117, ""cards"": -0.031}"
111,Xaver Schlager,Austria,MID,5.5,Jordan,0.12,17.6,1.026,0.187,"{""appearance"": 0.486, ""goals"": 0.171, ""assists"": 0.117, ""clean_sheet"": 0.049, ""tackles"": 0.117, ""chances"": 0.117, ""cards"": -0.031}"
510,Adrien Rabiot,France,MID,6.4,Senegal,0.12,17.6,1.025,0.16,"{""appearance"": 0.486, ""goals"": 0.189, ""assists"": 0.099, ""clean_sheet"": 0.048, ""tackles"": 0.117, ""chances"": 0.117, ""cards"": -0.031}"
2035,Álex Zendejas,USA,MID,5.5,Paraguay,0.12,17.6,1.019,0.185,"{""appearance"": 0.486, ""goals"": 0.212, ""assists"": 0.077, ""clean_sheet"": 0.04, ""tackles"": 0.117, ""chances"": 0.117, ""cards"": -0.031}"
753,Guillermo Martínez,Mexico,FWD,4.7,South Africa,0.15,20.0,1.017,0.216,"{""appearance"": 0.532, ""goals"": 0.315, ""assists"": 0.069, ""shots_on_target"": 0.122, ""cards"": -0.022}"
754,Armando González,Mexico,FWD,4.4,South Africa,0.15,20.0,1.017,0.231,"{""appearance"": 0.532, ""goals"": 0.315, ""assists"": 0.069, ""shots_on_target"": 0.122, ""cards"": -0.022}"
1485,Santiago Giménez,Mexico,FWD,6.8,South Africa,0.15,20.0,1.017,0.15,"{""appearance"": 0.532, ""goals"": 0.315, ""assists"": 0.069, ""shots_on_target"": 0.122, ""cards"": -0.022}"
1490,Nando Pijnaker,New Zealand,DEF,3.7,IR Iran,0.4,40.0,1.016,0.275,"{""appearance"": 0.92, ""goals"": 0.085, ""assists"": 0.029, ""clean_sheet"": 0.381, ""goals_conceded"": -0.319, ""cards"": -0.08}"
899,Juan José Cáceres,Paraguay,DEF,3.8,USA,0.4,40.0,1.015,0.267,"{""appearance"": 0.92, ""goals"": 0.06, ""assists"": 0.029, ""clean_sheet"": 0.395, ""goals_conceded"": -0.308, ""cards"": -0.08}"
190,Lucas Paquetá,Brazil,MID,6.5,Morocco,0.12,17.6,1.015,0.156,"{""appearance"": 0.486, ""goals"": 0.195, ""assists"": 0.088, ""clean_sheet"": 0.043, ""tackles"": 0.117, ""chances"": 0.117, ""cards"": -0.031}"
525,Nathaniel Brown,Germany,DEF,4.7,Curaçao,0.12,17.6,1.013,0.216,"{""appearance"": 0.486, ""goals"": 0.221, ""assists"": 0.076, ""clean_sheet"": 0.291, ""goals_conceded"": -0.026, ""cards"": -0.035}"
2044,Crysencio Summerville,Netherlands,MID,5.3,Japan,0.12,17.6,1.013,0.191,"{""appearance"": 0.486, ""goals"": 0.212, ""assists"": 0.078, ""clean_sheet"": 0.033, ""tackles"": 0.117, ""chances"": 0.117, ""cards"": -0.031}"
1968,Jacob Shaffelburg,Canada,MID,5.2,Bosnia and Herzegovina,0.12,17.6,1.008,0.194,"{""appearance"": 0.486, ""goals"": 0.191, ""assists"": 0.086, ""clean_sheet"": 0.042, ""tackles"": 0.117, ""chances"": 0.117, ""cards"": -0.031}"
738,Obed Vargas,Mexico,MID,4.7,South Africa,0.15,20.0,1.007,0.214,"{""appearance"": 0.532, ""goals"": 0.078, ""assists"": 0.094, ""clean_sheet"": 0.072, ""tackles"": 0.133, ""chances"": 0.133, ""cards"": -0.036}"
1474,Edson Álvarez,Mexico,MID,6.0,South Africa,0.15,20.0,1.007,0.168,"{""appearance"": 0.532, ""goals"": 0.078, ""assists"": 0.094, ""clean_sheet"": 0.072, ""tackles"": 0.133, ""chances"": 0.133, ""cards"": -0.036}"
2038,Guus Til,Netherlands,MID,4.9,Japan,0.12,17.6,1.006,0.205,"{""appearance"": 0.486, ""goals"": 0.206, ""assists"": 0.078, ""clean_sheet"": 0.033, ""tackles"": 0.117, ""chances"": 0.117, ""cards"": -0.031}"
475,Morgan Rogers,England,MID,7.2,Croatia,0.12,17.6,1.005,0.14,"{""appearance"": 0.486, ""goals"": 0.188, ""assists"": 0.086, ""clean_sheet"": 0.042, ""tackles"": 0.117, ""chances"": 0.117, ""cards"": -0.031}"
128,Alexis Saelemaekers,Belgium,MID,5.7,Egypt,0.12,17.6,1.003,0.176,"{""appearance"": 0.486, ""goals"": 0.182, ""assists"": 0.089, ""clean_sheet"": 0.043, ""tackles"": 0.117, ""chances"": 0.117, ""cards"": -0.031}"
48,Leandro Paredes,Argentina,MID,5.6,Algeria,0.12,17.6,1.002,0.179,"{""appearance"": 0.486, ""goals"": 0.157, ""assists"": 0.103, ""clean_sheet"": 0.052, ""tackles"": 0.117, ""chances"": 0.117, ""cards"": -0.031}"
53,Valentín Barco,Argentina,MID,6.2,Algeria,0.12,17.6,1.002,0.162,"{""appearance"": 0.486, ""goals"": 0.157, ""assists"": 0.103, ""clean_sheet"": 0.052, ""tackles"": 0.117, ""chances"": 0.117, ""cards"": -0.031}"
54,Exequiel Palacios,Argentina,MID,6.0,Algeria,0.12,17.6,1.002,0.167,"{""appearance"": 0.486, ""goals"": 0.157, ""assists"": 0.103, ""clean_sheet"": 0.052, ""tackles"": 0.117, ""chances"": 0.117, ""cards"": -0.031}"
1139,Ardon Jashari,Switzerland,MID,5.2,Qatar,0.12,17.6,1.002,0.193,"{""appearance"": 0.486, ""goals"": 0.132, ""assists"": 0.122, ""clean_sheet"": 0.058, ""tackles"": 0.117, ""chances"": 0.117, ""cards"": -0.031}"
1527,Diego Moreira,Belgium,MID,4.7,Egypt,0.12,17.6,0.999,0.213,"{""appearance"": 0.486, ""goals"": 0.178, ""assists"": 0.089, ""clean_sheet"": 0.043, ""tackles"": 0.117, ""chances"": 0.117, ""cards"": -0.031}"
43,José Manuel López,Argentina,FWD,5.3,Algeria,0.12,17.6,0.998,0.188,"{""appearance"": 0.486, ""goals"": 0.348, ""assists"": 0.076, ""shots_on_target"": 0.108, ""cards"": -0.02}"
934,Rúben Neves,Portugal,MID,5.9,Congo DR,0.12,17.6,0.997,0.169,"{""appearance"": 0.486, ""goals"": 0.139, ""assists"": 0.116, ""clean_sheet"": 0.054, ""tackles"": 0.117, ""chances"": 0.117, ""cards"": -0.031}"
665,Hiroki Ito,Japan,DEF,3.9,Netherlands,0.4,40.0,0.99,0.254,"{""appearance"": 0.92, ""goals"": 0.076, ""assists"": 0.037, ""clean_sheet"": 0.369, ""goals_conceded"": -0.331, ""cards"": -0.08}"
1986,Jordan Ayew,Ghana,FWD,5.3,Panama,0.12,17.6,0.99,0.187,"{""appearance"": 0.486, ""goals"": 0.208, ""assists"": 0.056, ""shots_on_target"": 0.108, ""cards"": -0.02, ""set_pieces"": 0.152}"
1110,Elliot Stroud,Sweden,MID,4.7,Tunisia,0.12,17.6,0.989,0.21,"{""appearance"": 0.486, ""goals"": 0.185, ""assists"": 0.074, ""clean_sheet"": 0.041, ""tackles"": 0.117, ""chances"": 0.117, ""cards"": -0.031}"
841,Sander Berge,Norway,MID,4.7,Iraq,0.12,17.6,0.987,0.21,"{""appearance"": 0.486, ""goals"": 0.113, ""assists"": 0.128, ""clean_sheet"": 0.056, ""tackles"": 0.117, ""chances"": 0.117, ""cards"": -0.031}"
105,Florian Grillitsch,Austria,MID,5.5,Jordan,0.12,17.6,0.984,0.179,"{""appearance"": 0.486, ""goals"": 0.129, ""assists"": 0.116, ""clean_sheet"": 0.049, ""tackles"": 0.117, ""chances"": 0.117, ""cards"": -0.031}"
142,Nikola Katic,Bosnia and Herzegovina,DEF,3.8,Canada,0.4,40.0,0.982,0.258,"{""appearance"": 0.92, ""goals"": 0.083, ""assists"": 0.029, ""clean_sheet"": 0.365, ""goals_conceded"": -0.335, ""cards"": -0.08}"
1256,Giovanni Reyna,USA,MID,5.5,Paraguay,0.12,17.6,0.981,0.178,"{""appearance"": 0.486, ""goals"": 0.174, ""assists"": 0.077, ""clean_sheet"": 0.04, ""tackles"": 0.117, ""chances"": 0.117, ""cards"": -0.031}"
187,Danilo,Brazil,MID,5.6,Morocco,0.12,17.6,0.98,0.175,"{""appearance"": 0.486, ""goals"": 0.16, ""assists"": 0.087, ""clean_sheet"": 0.043, ""tackles"": 0.117, ""chances"": 0.117, ""cards"": -0.031}"
247,Richard Ríos,Colombia,MID,4.7,Uzbekistan,0.12,17.6,0.976,0.208,"{""appearance"": 0.486, ""goals"": 0.134, ""assists"": 0.099, ""clean_sheet"": 0.054, ""tackles"": 0.117, ""chances"": 0.117, ""cards"": -0.031}"
2060,Tyler Fletcher,Scotland,MID,4.7,Haiti,0.12,17.6,0.975,0.208,"{""appearance"": 0.486, ""goals"": 0.138, ""assists"": 0.104, ""clean_sheet"": 0.044, ""tackles"": 0.117, ""chances"": 0.117, ""cards"": -0.031}"
106,Nicolas Seiwald,Austria,MID,5.6,Jordan,0.12,17.6,0.975,0.174,"{""appearance"": 0.486, ""goals"": 0.121, ""assists"": 0.116, ""clean_sheet"": 0.049, ""tackles"": 0.117, ""chances"": 0.117, ""cards"": -0.031}"
1239,Rodrigo Aguirre,Uruguay,FWD,5.6,Saudi Arabia,0.12,17.6,0.973,0.174,"{""appearance"": 0.486, ""goals"": 0.326, ""assists"": 0.074, ""shots_on_target"": 0.108, ""cards"": -0.02}"
814,Teun Koopmeiners,Netherlands,MID,6.2,Japan,0.12,17.6,0.972,0.157,"{""appearance"": 0.486, ""goals"": 0.172, ""assists"": 0.077, ""clean_sheet"": 0.033, ""tackles"": 0.117, ""chances"": 0.117, ""cards"": -0.031}"
1087,Alejandro Grimaldo,Spain,DEF,4.9,Cabo Verde,0.12,17.6,0.971,0.198,"{""appearance"": 0.486, ""goals"": 0.169, ""assists"": 0.063, ""clean_sheet"": 0.309, ""goals_conceded"": -0.021, ""cards"": -0.035}"
265,Jefferson Lerma,Colombia,MID,4.9,Uzbekistan,0.12,17.6,0.965,0.197,"{""appearance"": 0.486, ""goals"": 0.123, ""assists"": 0.099, ""clean_sheet"": 0.054, ""tackles"": 0.117, ""chances"": 0.117, ""cards"": -0.031}"
511,Warren Zaïre-Emery,France,MID,6.1,Senegal,0.12,17.6,0.964,0.158,"{""appearance"": 0.486, ""goals"": 0.129, ""assists"": 0.098, ""clean_sheet"": 0.048, ""tackles"": 0.117, ""chances"": 0.117, ""cards"": -0.031}"
1117,Mattias Svanberg,Sweden,MID,6.1,Tunisia,0.12,17.6,0.963,0.158,"{""appearance"": 0.486, ""goals"": 0.159, ""assists"": 0.073, ""clean_sheet"": 0.041, ""tackles"": 0.117, ""chances"": 0.117, ""cards"": -0.031}"
1550,Lee Dong-Gyeong,Korea Republic,MID,4.9,Czechia,0.12,17.6,0.957,0.195,"{""appearance"": 0.486, ""goals"": 0.174, ""assists"": 0.062, ""clean_sheet"": 0.032, ""tackles"": 0.117, ""chances"": 0.117, ""cards"": -0.031}"
1218,Juan Manuel Sanabria,Uruguay,MID,4.5,Saudi Arabia,0.12,17.6,0.955,0.212,"{""appearance"": 0.486, ""goals"": 0.114, ""assists"": 0.1, ""clean_sheet"": 0.052, ""tackles"": 0.117, ""chances"": 0.117, ""cards"": -0.031}"
1385,Juan Portilla,Colombia,MID,4.7,Uzbekistan,0.12,17.6,0.955,0.203,"{""appearance"": 0.486, ""goals"": 0.113, ""assists"": 0.099, ""clean_sheet"": 0.054, ""tackles"": 0.117, ""chances"": 0.117, ""cards"": -0.031}"
1008,Kenny McLean,Scotland,MID,4.8,Haiti,0.12,17.6,0.954,0.199,"{""appearance"": 0.486, ""goals"": 0.116, ""assists"": 0.104, ""clean_sheet"": 0.044, ""tackles"": 0.117, ""chances"": 0.117, ""cards"": -0.031}"
1022,Lyndon Dykes,Scotland,FWD,4.6,Haiti,0.12,17.6,0.953,0.207,"{""appearance"": 0.486, ""goals"": 0.303, ""assists"": 0.077, ""shots_on_target"": 0.108, ""cards"": -0.02}"
1579,Ross Stewart,Scotland,FWD,5.4,Haiti,0.12,17.6,0.953,0.177,"{""appearance"": 0.486, ""goals"": 0.303, ""assists"": 0.077, ""shots_on_target"": 0.108, ""cards"": -0.02}"
373,Denis Visinsky,Czechia,MID,4.9,Korea Republic,0.12,17.6,0.953,0.195,"{""appearance"": 0.486, ""goals"": 0.172, ""assists"": 0.061, ""clean_sheet"": 0.032, ""tackles"": 0.117, ""chances"": 0.117, ""cards"": -0.031}"
2073,Éderson,Brazil,MID,6.3,Morocco,0.12,17.6,0.95,0.151,"{""appearance"": 0.486, ""goals"": 0.131, ""assists"": 0.087, ""clean_sheet"": 0.043, ""tackles"": 0.117, ""chances"": 0.117, ""cards"": -0.031}"
935,Matheus Nunes,Portugal,MID,6.1,Congo DR,0.12,17.6,0.95,0.156,"{""appearance"": 0.486, ""goals"": 0.092, ""assists"": 0.115, ""clean_sheet"": 0.054, ""tackles"": 0.117, ""chances"": 0.117, ""cards"": -0.031}"
522,Malick Thiaw,Germany,DEF,4.7,Curaçao,0.12,17.6,0.948,0.202,"{""appearance"": 0.486, ""goals"": 0.157, ""assists"": 0.075, ""clean_sheet"": 0.291, ""goals_conceded"": -0.026, ""cards"": -0.035}"
266,Gustavo Puerta,Colombia,MID,5.3,Uzbekistan,0.12,17.6,0.947,0.179,"{""appearance"": 0.486, ""goals"": 0.105, ""assists"": 0.098, ""clean_sheet"": 0.054, ""tackles"": 0.117, ""chances"": 0.117, ""cards"": -0.031}"
414,John Yeboah,Ecuador,MID,5.1,Côte d'Ivoire,0.12,17.6,0.944,0.185,"{""appearance"": 0.486, ""goals"": 0.149, ""assists"": 0.062, ""clean_sheet"": 0.044, ""tackles"": 0.117, ""chances"": 0.117, ""cards"": -0.031}"
1995,Eric García,Spain,DEF,4.5,Cabo Verde,0.12,17.6,0.944,0.21,"{""appearance"": 0.486, ""goals"": 0.143, ""assists"": 0.062, ""clean_sheet"": 0.309, ""goals_conceded"": -0.021, ""cards"": -0.035}"
136,Amadou Onana,Belgium,MID,5.9,Egypt,0.12,17.6,0.941,0.159,"{""appearance"": 0.486, ""goals"": 0.12, ""assists"": 0.089, ""clean_sheet"": 0.043, ""tackles"": 0.117, ""chances"": 0.117, ""cards"": -0.031}"
246,Kevin Castaño,Colombia,MID,4.3,Uzbekistan,0.12,17.6,0.94,0.219,"{""appearance"": 0.486, ""goals"": 0.098, ""assists"": 0.098, ""clean_sheet"": 0.054, ""tackles"": 0.117, ""chances"": 0.117, ""cards"": -0.031}"
512,Manu Koné,France,MID,6.1,Senegal,0.12,17.6,0.938,0.154,"{""appearance"": 0.486, ""goals"": 0.103, ""assists"": 0.097, ""clean_sheet"": 0.048, ""tackles"": 0.117, ""chances"": 0.117, ""cards"": -0.031}"
1109,Besfort Zeneli,Sweden,MID,4.7,Tunisia,0.12,17.6,0.936,0.199,"{""appearance"": 0.486, ""goals"": 0.132, ""assists"": 0.073, ""clean_sheet"": 0.041, ""tackles"": 0.117, ""chances"": 0.117, ""cards"": -0.031}"
1219,Emiliano Martínez,Uruguay,MID,4.7,Saudi Arabia,0.12,17.6,0.935,0.199,"{""appearance"": 0.486, ""goals"": 0.095, ""assists"": 0.099, ""clean_sheet"": 0.052, ""tackles"": 0.117, ""chances"": 0.117, ""cards"": -0.031}"
509,N'Golo Kanté,France,MID,5.1,Senegal,0.12,17.6,0.935,0.183,"{""appearance"": 0.486, ""goals"": 0.1, ""assists"": 0.097, ""clean_sheet"": 0.048, ""tackles"": 0.117, ""chances"": 0.117, ""cards"": -0.031}"
743,Jorge Sánchez,Mexico,DEF,4.0,South Africa,0.15,20.0,0.932,0.233,"{""appearance"": 0.532, ""goals"": 0.075, ""assists"": 0.038, ""clean_sheet"": 0.358, ""goals_conceded"": -0.031, ""cards"": -0.04}"
1465,Mateo Chávez,Mexico,DEF,3.5,South Africa,0.15,20.0,0.932,0.266,"{""appearance"": 0.532, ""goals"": 0.075, ""assists"": 0.038, ""clean_sheet"": 0.358, ""goals_conceded"": -0.031, ""cards"": -0.04}"
1021,George Hirst,Scotland,FWD,4.6,Haiti,0.12,17.6,0.932,0.203,"{""appearance"": 0.486, ""goals"": 0.282, ""assists"": 0.076, ""shots_on_target"": 0.108, ""cards"": -0.02}"
119,Axel Witsel,Belgium,MID,5.0,Egypt,0.12,17.6,0.932,0.186,"{""appearance"": 0.486, ""goals"": 0.111, ""assists"": 0.089, ""clean_sheet"": 0.043, ""tackles"": 0.117, ""chances"": 0.117, ""cards"": -0.031}"
1250,Sebastian Berhalter,USA,MID,4.7,Paraguay,0.12,17.6,0.931,0.198,"{""appearance"": 0.486, ""goals"": 0.125, ""assists"": 0.076, ""clean_sheet"": 0.04, ""tackles"": 0.117, ""chances"": 0.117, ""cards"": -0.031}"
671,Keito Nakamura,Japan,MID,5.5,Netherlands,0.12,17.6,0.931,0.169,"{""appearance"": 0.486, ""goals"": 0.158, ""assists"": 0.061, ""clean_sheet"": 0.022, ""tackles"": 0.117, ""chances"": 0.117, ""cards"": -0.031}"
1996,Marc Pubill,Spain,DEF,4.2,Cabo Verde,0.12,17.6,0.93,0.221,"{""appearance"": 0.486, ""goals"": 0.129, ""assists"": 0.062, ""clean_sheet"": 0.309, ""goals_conceded"": -0.021, ""cards"": -0.035}"
1210,Deniz Gül,Türkiye,FWD,4.4,Australia,0.12,17.6,0.929,0.211,"{""appearance"": 0.486, ""goals"": 0.286, ""assists"": 0.069, ""shots_on_target"": 0.108, ""cards"": -0.02}"
926,Trincão,Portugal,FWD,5.9,Congo DR,0.12,17.6,0.928,0.157,"{""appearance"": 0.486, ""goals"": 0.27, ""assists"": 0.084, ""shots_on_target"": 0.108, ""cards"": -0.02}"
927,Gonçalo Guedes,Portugal,FWD,5.8,Congo DR,0.12,17.6,0.928,0.16,"{""appearance"": 0.486, ""goals"": 0.27, ""assists"": 0.084, ""shots_on_target"": 0.108, ""cards"": -0.02}"
1189,Salih Özcan,Türkiye,MID,4.7,Australia,0.12,17.6,0.923,0.196,"{""appearance"": 0.486, ""goals"": 0.095, ""assists"": 0.094, ""clean_sheet"": 0.044, ""tackles"": 0.117, ""chances"": 0.117, ""cards"": -0.031}"
1970,Promise David,Canada,FWD,5.4,Bosnia and Herzegovina,0.12,17.6,0.922,0.171,"{""appearance"": 0.486, ""goals"": 0.285, ""assists"": 0.062, ""shots_on_target"": 0.108, ""cards"": -0.02}"
692,Mohannad Abu Taha,Jordan,DEF,3.5,Austria,0.87,77.6,0.921,0.263,"{""appearance"": 1.648, ""goals"": 0.219, ""assists"": 0.043, ""clean_sheet"": 0.371, ""goals_conceded"": -1.206, ""cards"": -0.155}"
515,Aurélien Tchouaméni,France,MID,6.5,Senegal,0.12,17.6,0.921,0.142,"{""appearance"": 0.486, ""goals"": 0.086, ""assists"": 0.097, ""clean_sheet"": 0.048, ""tackles"": 0.117, ""chances"": 0.117, ""cards"": -0.031}"
135,Nicolas Raskin,Belgium,MID,5.3,Egypt,0.12,17.6,0.919,0.173,"{""appearance"": 0.486, ""goals"": 0.099, ""assists"": 0.089, ""clean_sheet"": 0.043, ""tackles"": 0.117, ""chances"": 0.117, ""cards"": -0.031}"
1594,Mostafa Zico,Egypt,MID,4.2,Belgium,0.12,17.6,0.918,0.218,"{""appearance"": 0.486, ""goals"": 0.163, ""assists"": 0.047, ""clean_sheet"": 0.018, ""tackles"": 0.117, ""chances"": 0.117, ""cards"": -0.031}"
486,Elliot Anderson,England,MID,6.5,Croatia,0.12,17.6,0.916,0.141,"{""appearance"": 0.486, ""goals"": 0.1, ""assists"": 0.085, ""clean_sheet"": 0.042, ""tackles"": 0.117, ""chances"": 0.117, ""cards"": -0.031}"
1059,Themba Zwane,South Africa,MID,4.3,Mexico,0.15,20.0,0.916,0.213,"{""appearance"": 0.532, ""goals"": 0.098, ""assists"": 0.034, ""clean_sheet"": 0.021, ""tackles"": 0.133, ""chances"": 0.133, ""cards"": -0.036}"
273,Arthur Masuaku,Congo DR,DEF,4.2,Portugal,0.81,72.8,0.913,0.217,"{""appearance"": 1.555, ""goals"": 0.082, ""assists"": 0.031, ""clean_sheet"": 0.35, ""goals_conceded"": -1.121, ""cards"": -0.146, ""set_pieces"": 0.161}"
242,Mathieu Choinière,Canada,MID,5.3,Bosnia and Herzegovina,0.12,17.6,0.911,0.172,"{""appearance"": 0.486, ""goals"": 0.095, ""assists"": 0.085, ""clean_sheet"": 0.042, ""tackles"": 0.117, ""chances"": 0.117, ""cards"": -0.031}"
1188,Ismail Yüksek,Türkiye,MID,4.6,Australia,0.12,17.6,0.911,0.198,"{""appearance"": 0.486, ""goals"": 0.083, ""assists"": 0.094, ""clean_sheet"": 0.044, ""tackles"": 0.117, ""chances"": 0.117, ""cards"": -0.031}"
485,Kobbie Mainoo,England,MID,6.1,Croatia,0.12,17.6,0.91,0.149,"{""appearance"": 0.486, ""goals"": 0.094, ""assists"": 0.085, ""clean_sheet"": 0.042, ""tackles"": 0.117, ""chances"": 0.117, ""cards"": -0.031}"
429,Pedro Vite,Ecuador,MID,5.2,Côte d'Ivoire,0.12,17.6,0.909,0.175,"{""appearance"": 0.486, ""goals"": 0.115, ""assists"": 0.061, ""clean_sheet"": 0.044, ""tackles"": 0.117, ""chances"": 0.117, ""cards"": -0.031}"
342,Toni Fruk,Croatia,MID,4.9,England,0.12,17.6,0.908,0.185,"{""appearance"": 0.486, ""goals"": 0.154, ""assists"": 0.045, ""clean_sheet"": 0.02, ""tackles"": 0.117, ""chances"": 0.117, ""cards"": -0.031}"
1241,Agustín Canobbio,Uruguay,FWD,5.3,Saudi Arabia,0.12,17.6,0.905,0.171,"{""appearance"": 0.486, ""goals"": 0.259, ""assists"": 0.073, ""shots_on_target"": 0.108, ""cards"": -0.02}"
1985,Kwasi Sibo,Ghana,MID,4.7,Panama,0.12,17.6,0.903,0.192,"{""appearance"": 0.486, ""goals"": 0.1, ""assists"": 0.077, ""clean_sheet"": 0.037, ""tackles"": 0.117, ""chances"": 0.117, ""cards"": -0.031}"
1082,Álex Baena,Spain,MID,6.0,Cabo Verde,0.12,17.6,0.9,0.15,"{""appearance"": 0.486, ""assists"": 0.149, ""clean_sheet"": 0.062, ""tackles"": 0.117, ""chances"": 0.117, ""cards"": -0.031}"
391,Vladimír Darida,Czechia,MID,5.3,Korea Republic,0.12,17.6,0.9,0.17,"{""appearance"": 0.486, ""goals"": 0.119, ""assists"": 0.06, ""clean_sheet"": 0.032, ""tackles"": 0.117, ""chances"": 0.117, ""cards"": -0.031}"
482,Jordan Henderson,England,MID,5.1,Croatia,0.12,17.6,0.9,0.176,"{""appearance"": 0.486, ""goals"": 0.083, ""assists"": 0.085, ""clean_sheet"": 0.042, ""tackles"": 0.117, ""chances"": 0.117, ""cards"": -0.031}"
186,Fabinho,Brazil,MID,5.2,Morocco,0.12,17.6,0.899,0.173,"{""appearance"": 0.486, ""goals"": 0.08, ""assists"": 0.086, ""clean_sheet"": 0.043, ""tackles"": 0.117, ""chances"": 0.117, ""cards"": -0.031}"
714,Kim Jin-Gyu,Korea Republic,MID,4.9,Czechia,0.12,17.6,0.896,0.183,"{""appearance"": 0.486, ""goals"": 0.114, ""assists"": 0.061, ""clean_sheet"": 0.032, ""tackles"": 0.117, ""chances"": 0.117, ""cards"": -0.031}"
527,Waldemar Anton,Germany,DEF,3.9,Curaçao,0.12,17.6,0.896,0.23,"{""appearance"": 0.486, ""goals"": 0.106, ""assists"": 0.074, ""clean_sheet"": 0.291, ""goals_conceded"": -0.026, ""cards"": -0.035}"
240,Niko Sigur,Canada,MID,4.9,Bosnia and Herzegovina,0.12,17.6,0.895,0.183,"{""appearance"": 0.486, ""goals"": 0.079, ""assists"": 0.085, ""clean_sheet"": 0.042, ""tackles"": 0.117, ""chances"": 0.117, ""cards"": -0.031}"
2005,Mathew Leckie,Australia,MID,4.7,Türkiye,0.12,17.6,0.895,0.19,"{""appearance"": 0.486, ""goals"": 0.141, ""assists"": 0.046, ""clean_sheet"": 0.018, ""tackles"": 0.117, ""chances"": 0.117, ""cards"": -0.031}"
1061,Tshepang Moremi,South Africa,MID,4.9,Mexico,0.15,20.0,0.895,0.183,"{""appearance"": 0.532, ""goals"": 0.076, ""assists"": 0.034, ""clean_sheet"": 0.021, ""tackles"": 0.133, ""chances"": 0.133, ""cards"": -0.036}"
319,Parfait Guiagon,Côte d'Ivoire,MID,4.9,Ecuador,0.12,17.6,0.892,0.182,"{""appearance"": 0.486, ""goals"": 0.124, ""assists"": 0.047, ""clean_sheet"": 0.032, ""tackles"": 0.117, ""chances"": 0.117, ""cards"": -0.031}"
596,Mohammad Ghorbani,IR Iran,MID,5.1,New Zealand,0.12,17.6,0.889,0.174,"{""appearance"": 0.486, ""goals"": 0.076, ""assists"": 0.082, ""clean_sheet"": 0.042, ""tackles"": 0.117, ""chances"": 0.117, ""cards"": -0.031}"
1561,Roozbeh Cheshmi,IR Iran,MID,4.8,New Zealand,0.12,17.6,0.889,0.185,"{""appearance"": 0.486, ""goals"": 0.076, ""assists"": 0.082, ""clean_sheet"": 0.042, ""tackles"": 0.117, ""chances"": 0.117, ""cards"": -0.031}"
390,Lukás Cerv,Czechia,MID,5.3,Korea Republic,0.12,17.6,0.889,0.168,"{""appearance"": 0.486, ""goals"": 0.108, ""assists"": 0.06, ""clean_sheet"": 0.032, ""tackles"": 0.117, ""chances"": 0.117, ""cards"": -0.031}"
230,Tani Oluwaseyi,Canada,FWD,4.9,Bosnia and Herzegovina,0.12,17.6,0.889,0.181,"{""appearance"": 0.486, ""goals"": 0.253, ""assists"": 0.062, ""shots_on_target"": 0.108, ""cards"": -0.02}"
1249,Cristian Roldan,USA,MID,4.7,Paraguay,0.12,17.6,0.888,0.189,"{""appearance"": 0.486, ""goals"": 0.082, ""assists"": 0.076, ""clean_sheet"": 0.04, ""tackles"": 0.117, ""chances"": 0.117, ""cards"": -0.031}"
2039,Mats Wieffer,Netherlands,MID,4.8,Japan,0.12,17.6,0.888,0.185,"{""appearance"": 0.486, ""goals"": 0.088, ""assists"": 0.076, ""clean_sheet"": 0.033, ""tackles"": 0.117, ""chances"": 0.117, ""cards"": -0.031}"
818,Callum McCowatt,New Zealand,MID,4.7,IR Iran,0.12,17.6,0.885,0.188,"{""appearance"": 0.486, ""goals"": 0.125, ""assists"": 0.048, ""clean_sheet"": 0.023, ""tackles"": 0.117, ""chances"": 0.117, ""cards"": -0.031}"
832,Elijah Just,New Zealand,MID,4.2,IR Iran,0.12,17.6,0.885,0.211,"{""appearance"": 0.486, ""goals"": 0.125, ""assists"": 0.048, ""clean_sheet"": 0.023, ""tackles"": 0.117, ""chances"": 0.117, ""cards"": -0.031}"
2033,Tyler Adams,USA,MID,5.3,Paraguay,0.12,17.6,0.884,0.167,"{""appearance"": 0.486, ""goals"": 0.078, ""assists"": 0.076, ""clean_sheet"": 0.04, ""tackles"": 0.117, ""chances"": 0.117, ""cards"": -0.031}"
1148,Luca Jaquez,Switzerland,DEF,3.5,Qatar,0.12,17.6,0.881,0.252,"{""appearance"": 0.486, ""goals"": 0.116, ""assists"": 0.049, ""clean_sheet"": 0.291, ""goals_conceded"": -0.026, ""cards"": -0.035}"
1060,Thalente Mbatha,South Africa,MID,4.9,Mexico,0.15,20.0,0.878,0.179,"{""appearance"": 0.532, ""goals"": 0.06, ""assists"": 0.034, ""clean_sheet"": 0.021, ""tackles"": 0.133, ""chances"": 0.133, ""cards"": -0.036}"
1704,Kamogelo Sebelebele,South Africa,MID,4.5,Mexico,0.15,20.0,0.878,0.195,"{""appearance"": 0.532, ""goals"": 0.06, ""assists"": 0.034, ""clean_sheet"": 0.021, ""tackles"": 0.133, ""chances"": 0.133, ""cards"": -0.036}"
328,Marin Pongracic,Croatia,DEF,4.0,England,0.4,40.0,0.878,0.219,"{""appearance"": 0.92, ""goals"": 0.056, ""assists"": 0.027, ""clean_sheet"": 0.328, ""goals_conceded"": -0.373, ""cards"": -0.08}"
854,Henrik Falchener,Norway,DEF,3.5,Iraq,0.12,17.6,0.878,0.251,"{""appearance"": 0.486, ""goals"": 0.123, ""assists"": 0.052, ""clean_sheet"": 0.28, ""goals_conceded"": -0.029, ""cards"": -0.035}"
1714,Sondre Langås,Norway,DEF,4.0,Iraq,0.12,17.6,0.878,0.219,"{""appearance"": 0.486, ""goals"": 0.123, ""assists"": 0.052, ""clean_sheet"": 0.28, ""goals_conceded"": -0.029, ""cards"": -0.035}"
2017,Zakaria El Ouahdi,Morocco,DEF,4.1,Brazil,0.4,40.0,0.877,0.214,"{""appearance"": 0.92, ""goals"": 0.095, ""assists"": 0.027, ""clean_sheet"": 0.309, ""goals_conceded"": -0.394, ""cards"": -0.08}"
733,Jens Castrop,Korea Republic,MID,5.6,Czechia,0.12,17.6,0.877,0.157,"{""appearance"": 0.486, ""goals"": 0.095, ""assists"": 0.061, ""clean_sheet"": 0.032, ""tackles"": 0.117, ""chances"": 0.117, ""cards"": -0.031}"
399,Jordy Alcívar,Ecuador,MID,4.9,Côte d'Ivoire,0.12,17.6,0.877,0.179,"{""appearance"": 0.486, ""goals"": 0.083, ""assists"": 0.061, ""clean_sheet"": 0.044, ""tackles"": 0.117, ""chances"": 0.117, ""cards"": -0.031}"
690,Yazan Al Arab,Jordan,DEF,3.7,Austria,0.9,80.0,0.876,0.237,"{""appearance"": 1.695, ""goals"": 0.156, ""assists"": 0.044, ""clean_sheet"": 0.384, ""goals_conceded"": -1.243, ""cards"": -0.16}"
1323,Gonzalo Montiel,Argentina,DEF,4.3,Algeria,0.12,17.6,0.874,0.203,"{""appearance"": 0.486, ""goals"": 0.155, ""assists"": 0.042, ""clean_sheet"": 0.262, ""goals_conceded"": -0.035, ""cards"": -0.035}"
398,Denil Castillo,Ecuador,MID,4.9,Côte d'Ivoire,0.12,17.6,0.873,0.178,"{""appearance"": 0.486, ""goals"": 0.078, ""assists"": 0.061, ""clean_sheet"": 0.044, ""tackles"": 0.117, ""chances"": 0.117, ""cards"": -0.031}"
345,Nikola Vlasic,Croatia,MID,6.1,England,0.12,17.6,0.873,0.143,"{""appearance"": 0.486, ""goals"": 0.119, ""assists"": 0.045, ""clean_sheet"": 0.02, ""tackles"": 0.117, ""chances"": 0.117, ""cards"": -0.031}"
1112,Eric Smith,Sweden,MID,4.9,Tunisia,0.12,17.6,0.872,0.178,"{""appearance"": 0.486, ""goals"": 0.069, ""assists"": 0.073, ""clean_sheet"": 0.041, ""tackles"": 0.117, ""chances"": 0.117, ""cards"": -0.031}"
2041,Marten de Roon,Netherlands,MID,5.1,Japan,0.12,17.6,0.871,0.171,"{""appearance"": 0.486, ""goals"": 0.072, ""assists"": 0.076, ""clean_sheet"": 0.033, ""tackles"": 0.117, ""chances"": 0.117, ""cards"": -0.031}"
1209,Yunus Akgün,Türkiye,FWD,4.9,Australia,0.12,17.6,0.871,0.178,"{""appearance"": 0.486, ""goals"": 0.228, ""assists"": 0.069, ""shots_on_target"": 0.108, ""cards"": -0.02}"
261,Andrés Gómez,Colombia,FWD,4.9,Uzbekistan,0.12,17.6,0.87,0.178,"{""appearance"": 0.486, ""goals"": 0.225, ""assists"": 0.071, ""shots_on_target"": 0.108, ""cards"": -0.02}"
1116,Jesper Karlström,Sweden,MID,5.6,Tunisia,0.12,17.6,0.867,0.155,"{""appearance"": 0.486, ""goals"": 0.063, ""assists"": 0.073, ""clean_sheet"": 0.041, ""tackles"": 0.117, ""chances"": 0.117, ""cards"": -0.031}"
614,Ali Alipour,IR Iran,FWD,4.6,New Zealand,0.12,17.6,0.865,0.188,"{""appearance"": 0.486, ""goals"": 0.231, ""assists"": 0.06, ""shots_on_target"": 0.108, ""cards"": -0.02}"
615,Dennis Dargahi,IR Iran,FWD,4.6,New Zealand,0.12,17.6,0.865,0.188,"{""appearance"": 0.486, ""goals"": 0.231, ""assists"": 0.06, ""shots_on_target"": 0.108, ""cards"": -0.02}"
682,Daichi Kamada,Japan,MID,5.8,Netherlands,0.12,17.6,0.864,0.149,"{""appearance"": 0.486, ""goals"": 0.092, ""assists"": 0.06, ""clean_sheet"": 0.022, ""tackles"": 0.117, ""chances"": 0.117, ""cards"": -0.031}"
1411,Alexandr Sojka,Czechia,MID,4.5,Korea Republic,0.12,17.6,0.863,0.192,"{""appearance"": 0.486, ""goals"": 0.082, ""assists"": 0.06, ""clean_sheet"": 0.032, ""tackles"": 0.117, ""chances"": 0.117, ""cards"": -0.031}"
888,Maurício Magalhães Prado,Paraguay,MID,4.6,USA,0.12,17.6,0.863,0.188,"{""appearance"": 0.486, ""goals"": 0.102, ""assists"": 0.048, ""clean_sheet"": 0.024, ""tackles"": 0.117, ""chances"": 0.117, ""cards"": -0.031}"
1147,Aurèle Amenda,Switzerland,DEF,3.7,Qatar,0.12,17.6,0.862,0.233,"{""appearance"": 0.486, ""goals"": 0.097, ""assists"": 0.049, ""clean_sheet"": 0.291, ""goals_conceded"": -0.026, ""cards"": -0.035}"
807,Brian Brobbey,Netherlands,FWD,5.7,Japan,0.12,17.6,0.861,0.151,"{""appearance"": 0.486, ""goals"": 0.231, ""assists"": 0.056, ""shots_on_target"": 0.108, ""cards"": -0.02}"
1127,Gustaf Nilsson,Sweden,FWD,4.9,Tunisia,0.12,17.6,0.861,0.176,"{""appearance"": 0.486, ""goals"": 0.234, ""assists"": 0.053, ""shots_on_target"": 0.108, ""cards"": -0.02}"
72,Jacob Italiano,Australia,DEF,4.2,Türkiye,0.4,40.0,0.859,0.204,"{""appearance"": 0.92, ""goals"": 0.093, ""assists"": 0.028, ""clean_sheet"": 0.301, ""goals_conceded"": -0.403, ""cards"": -0.08}"
2069,Shahriyar Moghanlou,IR Iran,FWD,4.7,New Zealand,0.12,17.6,0.857,0.182,"{""appearance"": 0.486, ""goals"": 0.223, ""assists"": 0.06, ""shots_on_target"": 0.108, ""cards"": -0.02}"
436,Mahmoud Saber,Egypt,MID,4.9,Belgium,0.12,17.6,0.855,0.175,"{""appearance"": 0.486, ""goals"": 0.101, ""assists"": 0.047, ""clean_sheet"": 0.018, ""tackles"": 0.117, ""chances"": 0.117, ""cards"": -0.031}"
1413,David Doudera,Czechia,MID,5.1,Korea Republic,0.12,17.6,0.855,0.168,"{""appearance"": 0.486, ""goals"": 0.074, ""assists"": 0.06, ""clean_sheet"": 0.032, ""tackles"": 0.117, ""chances"": 0.117, ""cards"": -0.031}"
2075,Dejan Ljubicic,Austria,MID,5.0,Jordan,0.12,17.6,0.853,0.171,"{""appearance"": 0.486, ""assists"": 0.114, ""clean_sheet"": 0.049, ""tackles"": 0.117, ""chances"": 0.117, ""cards"": -0.031}"
865,Carlos Harvey,Panama,MID,4.9,Ghana,0.12,17.6,0.851,0.174,"{""appearance"": 0.486, ""goals"": 0.078, ""assists"": 0.058, ""clean_sheet"": 0.026, ""tackles"": 0.117, ""chances"": 0.117, ""cards"": -0.031}"
848,Marcus Pedersen,Norway,DEF,4.1,Iraq,0.12,17.6,0.851,0.208,"{""appearance"": 0.486, ""goals"": 0.097, ""assists"": 0.052, ""clean_sheet"": 0.28, ""goals_conceded"": -0.029, ""cards"": -0.035}"
713,Park Jin-Seob,Korea Republic,MID,4.9,Czechia,0.12,17.6,0.85,0.173,"{""appearance"": 0.486, ""goals"": 0.068, ""assists"": 0.061, ""clean_sheet"": 0.032, ""tackles"": 0.117, ""chances"": 0.117, ""cards"": -0.031}"
1993,Brandon Thomas-Asante,Ghana,FWD,5.1,Panama,0.12,17.6,0.848,0.166,"{""appearance"": 0.486, ""goals"": 0.218, ""assists"": 0.056, ""shots_on_target"": 0.108, ""cards"": -0.02}"
921,Renato Veiga,Portugal,DEF,4.3,Congo DR,0.12,17.6,0.847,0.197,"{""appearance"": 0.486, ""goals"": 0.114, ""assists"": 0.047, ""clean_sheet"": 0.268, ""goals_conceded"": -0.033, ""cards"": -0.035}"
341,Luka Sucic,Croatia,MID,4.9,England,0.12,17.6,0.847,0.173,"{""appearance"": 0.486, ""goals"": 0.093, ""assists"": 0.045, ""clean_sheet"": 0.02, ""tackles"": 0.117, ""chances"": 0.117, ""cards"": -0.031}"
808,Wout Weghorst,Netherlands,FWD,5.5,Japan,0.12,17.6,0.843,0.153,"{""appearance"": 0.486, ""goals"": 0.214, ""assists"": 0.055, ""shots_on_target"": 0.108, ""cards"": -0.02}"
890,Matías Galarza,Paraguay,MID,4.8,USA,0.12,17.6,0.843,0.176,"{""appearance"": 0.486, ""goals"": 0.083, ""assists"": 0.048, ""clean_sheet"": 0.024, ""tackles"": 0.117, ""chances"": 0.117, ""cards"": -0.031}"
179,Rayan,Brazil,FWD,5.6,Morocco,0.12,17.6,0.843,0.15,"{""appearance"": 0.486, ""goals"": 0.206, ""assists"": 0.063, ""shots_on_target"": 0.108, ""cards"": -0.02}"
251,Déiver Machado,Colombia,DEF,3.9,Uzbekistan,0.12,17.6,0.843,0.216,"{""appearance"": 0.486, ""goals"": 0.114, ""assists"": 0.04, ""clean_sheet"": 0.27, ""goals_conceded"": -0.032, ""cards"": -0.035}"
94,Michael Svoboda,Austria,DEF,3.8,Jordan,0.12,17.6,0.842,0.222,"{""appearance"": 0.486, ""goals"": 0.141, ""assists"": 0.047, ""clean_sheet"": 0.245, ""goals_conceded"": -0.042, ""cards"": -0.035}"
1557,Gaël Kakuta,Congo DR,MID,4.6,Portugal,0.12,17.6,0.842,0.183,"{""appearance"": 0.486, ""goals"": 0.108, ""assists"": 0.035, ""clean_sheet"": 0.01, ""tackles"": 0.117, ""chances"": 0.117, ""cards"": -0.031}"
726,Oh Hyeon-Gyu,Korea Republic,FWD,4.9,Czechia,0.12,17.6,0.841,0.172,"{""appearance"": 0.486, ""goals"": 0.222, ""assists"": 0.044, ""shots_on_target"": 0.108, ""cards"": -0.02}"
159,Armin Gigovic,Bosnia and Herzegovina,MID,5.1,Canada,0.12,17.6,0.84,0.165,"{""appearance"": 0.486, ""goals"": 0.081, ""assists"": 0.047, ""clean_sheet"": 0.022, ""tackles"": 0.117, ""chances"": 0.117, ""cards"": -0.031}"
440,Ramy Rabia,Egypt,DEF,3.6,Belgium,0.4,40.0,0.839,0.233,"{""appearance"": 0.92, ""goals"": 0.081, ""assists"": 0.028, ""clean_sheet"": 0.298, ""goals_conceded"": -0.408, ""cards"": -0.08}"
80,Connor Metcalfe,Australia,MID,5.3,Türkiye,0.12,17.6,0.838,0.158,"{""appearance"": 0.486, ""goals"": 0.084, ""assists"": 0.046, ""clean_sheet"": 0.018, ""tackles"": 0.117, ""chances"": 0.117, ""cards"": -0.031}"
177,Luiz Henrique,Brazil,FWD,6.1,Morocco,0.12,17.6,0.837,0.137,"{""appearance"": 0.486, ""goals"": 0.201, ""assists"": 0.063, ""shots_on_target"": 0.108, ""cards"": -0.02}"
852,Torbjørn Heggem,Norway,DEF,3.7,Iraq,0.12,17.6,0.834,0.225,"{""appearance"": 0.486, ""goals"": 0.08, ""assists"": 0.052, ""clean_sheet"": 0.28, ""goals_conceded"": -0.029, ""cards"": -0.035}"
1571,Nélson Semedo,Portugal,DEF,4.3,Congo DR,0.12,17.6,0.834,0.194,"{""appearance"": 0.486, ""goals"": 0.101, ""assists"": 0.047, ""clean_sheet"": 0.268, ""goals_conceded"": -0.033, ""cards"": -0.035}"
1989,Prince Adu,Ghana,FWD,4.0,Panama,0.12,17.6,0.833,0.208,"{""appearance"": 0.486, ""goals"": 0.204, ""assists"": 0.055, ""shots_on_target"": 0.108, ""cards"": -0.02}"
1286,Dostonbek Khamdamov,Uzbekistan,MID,5.1,Colombia,0.12,17.6,0.833,0.163,"{""appearance"": 0.486, ""goals"": 0.097, ""assists"": 0.033, ""clean_sheet"": 0.014, ""tackles"": 0.117, ""chances"": 0.117, ""cards"": -0.031}"
1543,Ehsan Haddad,Jordan,DEF,3.5,Austria,0.84,75.2,0.832,0.238,"{""appearance"": 1.602, ""goals"": 0.149, ""assists"": 0.042, ""clean_sheet"": 0.359, ""goals_conceded"": -1.169, ""cards"": -0.15}"
631,Marko Farji,Iraq,MID,4.4,Norway,0.12,17.6,0.832,0.189,"{""appearance"": 0.486, ""goals"": 0.102, ""assists"": 0.033, ""clean_sheet"": 0.008, ""tackles"": 0.117, ""chances"": 0.117, ""cards"": -0.031}"
2019,Neil El Aynaoui,Morocco,MID,5.6,Brazil,0.12,17.6,0.831,0.148,"{""appearance"": 0.486, ""goals"": 0.079, ""assists"": 0.045, ""clean_sheet"": 0.019, ""tackles"": 0.117, ""chances"": 0.117, ""cards"": -0.031}"
911,Damián Bobadilla,Paraguay,MID,5.5,USA,0.12,17.6,0.83,0.151,"{""appearance"": 0.486, ""goals"": 0.07, ""assists"": 0.047, ""clean_sheet"": 0.024, ""tackles"": 0.117, ""chances"": 0.117, ""cards"": -0.031}"
1161,Rani Khedira,Tunisia,MID,4.7,Sweden,0.12,17.6,0.829,0.176,"{""appearance"": 0.486, ""goals"": 0.065, ""assists"": 0.05, ""clean_sheet"": 0.024, ""tackles"": 0.117, ""chances"": 0.117, ""cards"": -0.031}"
160,Ivan Basic,Bosnia and Herzegovina,MID,5.1,Canada,0.12,17.6,0.828,0.162,"{""appearance"": 0.486, ""goals"": 0.07, ""assists"": 0.047, ""clean_sheet"": 0.022, ""tackles"": 0.117, ""chances"": 0.117, ""cards"": -0.031}"
922,Tomás Araújo,Portugal,DEF,4.1,Congo DR,0.12,17.6,0.828,0.202,"{""appearance"": 0.486, ""goals"": 0.095, ""assists"": 0.047, ""clean_sheet"": 0.268, ""goals_conceded"": -0.033, ""cards"": -0.035}"
1457,Wataru Endo,Japan,MID,6.0,Netherlands,0.12,17.6,0.827,0.138,"{""appearance"": 0.486, ""goals"": 0.055, ""assists"": 0.06, ""clean_sheet"": 0.022, ""tackles"": 0.117, ""chances"": 0.117, ""cards"": -0.031}"
659,Kaishu Sano,Japan,MID,4.9,Netherlands,0.12,17.6,0.824,0.168,"{""appearance"": 0.486, ""goals"": 0.053, ""assists"": 0.06, ""clean_sheet"": 0.022, ""tackles"": 0.117, ""chances"": 0.117, ""cards"": -0.031}"
616,Amirhossein Hosseinzadeh,IR Iran,FWD,4.5,New Zealand,0.12,17.6,0.824,0.183,"{""appearance"": 0.486, ""goals"": 0.191, ""assists"": 0.059, ""shots_on_target"": 0.108, ""cards"": -0.02}"
1160,Ellyes Skhiri,Tunisia,MID,4.7,Sweden,0.12,17.6,0.824,0.175,"{""appearance"": 0.486, ""goals"": 0.061, ""assists"": 0.05, ""clean_sheet"": 0.024, ""tackles"": 0.117, ""chances"": 0.117, ""cards"": -0.031}"
765,Samir El Mourabet,Morocco,MID,4.7,Brazil,0.12,17.6,0.821,0.175,"{""appearance"": 0.486, ""goals"": 0.068, ""assists"": 0.045, ""clean_sheet"": 0.019, ""tackles"": 0.117, ""chances"": 0.117, ""cards"": -0.031}"
820,Alex Rufer,New Zealand,MID,4.9,IR Iran,0.12,17.6,0.82,0.167,"{""appearance"": 0.486, ""goals"": 0.06, ""assists"": 0.048, ""clean_sheet"": 0.023, ""tackles"": 0.117, ""chances"": 0.117, ""cards"": -0.031}"
1073,Oswin Appollis,South Africa,FWD,4.9,Mexico,0.15,20.0,0.819,0.167,"{""appearance"": 0.532, ""goals"": 0.095, ""assists"": 0.024, ""shots_on_target"": 0.122, ""cards"": -0.022, ""set_pieces"": 0.068}"
253,Santiago Arias,Colombia,DEF,3.9,Uzbekistan,0.12,17.6,0.818,0.21,"{""appearance"": 0.486, ""goals"": 0.09, ""assists"": 0.04, ""clean_sheet"": 0.27, ""goals_conceded"": -0.032, ""cards"": -0.035}"
978,Mohamed Kanno,Saudi Arabia,MID,5.1,Uruguay,0.12,17.6,0.817,0.16,"{""appearance"": 0.486, ""goals"": 0.078, ""assists"": 0.036, ""clean_sheet"": 0.014, ""tackles"": 0.117, ""chances"": 0.117, ""cards"": -0.031}"
157,Dzenis Burnic,Bosnia and Herzegovina,MID,4.9,Canada,0.12,17.6,0.817,0.167,"{""appearance"": 0.486, ""goals"": 0.059, ""assists"": 0.047, ""clean_sheet"": 0.022, ""tackles"": 0.117, ""chances"": 0.117, ""cards"": -0.031}"
434,Hamdi Fathy,Egypt,MID,4.4,Belgium,0.12,17.6,0.817,0.186,"{""appearance"": 0.486, ""goals"": 0.063, ""assists"": 0.047, ""clean_sheet"": 0.018, ""tackles"": 0.117, ""chances"": 0.117, ""cards"": -0.031}"
1126,Benjamin Nygren,Sweden,FWD,4.9,Tunisia,0.12,17.6,0.816,0.167,"{""appearance"": 0.486, ""goals"": 0.189, ""assists"": 0.053, ""shots_on_target"": 0.108, ""cards"": -0.02}"
91,Phillipp Mwene,Austria,DEF,3.9,Jordan,0.12,17.6,0.815,0.209,"{""appearance"": 0.486, ""goals"": 0.113, ""assists"": 0.047, ""clean_sheet"": 0.245, ""goals_conceded"": -0.042, ""cards"": -0.035}"
1228,Matías Viña,Uruguay,DEF,4.3,Saudi Arabia,0.12,17.6,0.813,0.189,"{""appearance"": 0.486, ""goals"": 0.099, ""assists"": 0.04, ""clean_sheet"": 0.259, ""goals_conceded"": -0.036, ""cards"": -0.035}"
1232,Santiago Bueno,Uruguay,DEF,4.1,Saudi Arabia,0.12,17.6,0.813,0.198,"{""appearance"": 0.486, ""goals"": 0.099, ""assists"": 0.04, ""clean_sheet"": 0.259, ""goals_conceded"": -0.036, ""cards"": -0.035}"
92,Marco Friedl,Austria,DEF,4.3,Jordan,0.12,17.6,0.812,0.189,"{""appearance"": 0.486, ""goals"": 0.111, ""assists"": 0.047, ""clean_sheet"": 0.245, ""goals_conceded"": -0.042, ""cards"": -0.035}"
343,Nikola Moro,Croatia,MID,5.6,England,0.12,17.6,0.81,0.145,"{""appearance"": 0.486, ""goals"": 0.057, ""assists"": 0.045, ""clean_sheet"": 0.02, ""tackles"": 0.117, ""chances"": 0.117, ""cards"": -0.031}"
344,Kristijan Jakic,Croatia,MID,5.6,England,0.12,17.6,0.81,0.145,"{""appearance"": 0.486, ""goals"": 0.057, ""assists"": 0.045, ""clean_sheet"": 0.02, ""tackles"": 0.117, ""chances"": 0.117, ""cards"": -0.031}"
77,Paul Okon,Australia,MID,4.7,Türkiye,0.12,17.6,0.808,0.172,"{""appearance"": 0.486, ""goals"": 0.055, ""assists"": 0.046, ""clean_sheet"": 0.018, ""tackles"": 0.117, ""chances"": 0.117, ""cards"": -0.031}"
2003,Cameron Devlin,Australia,MID,4.7,Türkiye,0.12,17.6,0.808,0.172,"{""appearance"": 0.486, ""goals"": 0.055, ""assists"": 0.046, ""clean_sheet"": 0.018, ""tackles"": 0.117, ""chances"": 0.117, ""cards"": -0.031}"
2030,Tomás Rodríguez,Panama,FWD,4.5,Ghana,0.12,17.6,0.807,0.179,"{""appearance"": 0.486, ""goals"": 0.191, ""assists"": 0.042, ""shots_on_target"": 0.108, ""cards"": -0.02}"
1674,Ayyoub Bouaddi,Morocco,MID,5.5,Brazil,0.12,17.6,0.807,0.147,"{""appearance"": 0.486, ""goals"": 0.054, ""assists"": 0.045, ""clean_sheet"": 0.019, ""tackles"": 0.117, ""chances"": 0.117, ""cards"": -0.031}"
1695,Bara Sapoko Ndiaye,Senegal,MID,4.5,France,0.12,17.6,0.805,0.179,"{""appearance"": 0.486, ""goals"": 0.062, ""assists"": 0.039, ""clean_sheet"": 0.015, ""tackles"": 0.117, ""chances"": 0.117, ""cards"": -0.031}"
476,Noni Madueke,England,FWD,6.1,Croatia,0.12,17.6,0.805,0.132,"{""appearance"": 0.486, ""goals"": 0.169, ""assists"": 0.061, ""shots_on_target"": 0.108, ""cards"": -0.02}"
1616,Andrés Cubas,Paraguay,MID,4.7,USA,0.12,17.6,0.804,0.171,"{""appearance"": 0.486, ""goals"": 0.044, ""assists"": 0.047, ""clean_sheet"": 0.024, ""tackles"": 0.117, ""chances"": 0.117, ""cards"": -0.031}"
272,Aaron Wan-Bissaka,Congo DR,DEF,4.3,Portugal,0.9,80.0,0.803,0.187,"{""appearance"": 1.695, ""goals"": 0.078, ""assists"": 0.033, ""clean_sheet"": 0.389, ""goals_conceded"": -1.232, ""cards"": -0.16}"
93,David Affengruber,Austria,DEF,3.9,Jordan,0.12,17.6,0.802,0.206,"{""appearance"": 0.486, ""goals"": 0.1, ""assists"": 0.047, ""clean_sheet"": 0.245, ""goals_conceded"": -0.042, ""cards"": -0.035}"
383,Tomás Chory,Czechia,FWD,5.3,Korea Republic,0.12,17.6,0.801,0.151,"{""appearance"": 0.486, ""goals"": 0.184, ""assists"": 0.043, ""shots_on_target"": 0.108, ""cards"": -0.02}"
1425,Jan Kuchta,Czechia,FWD,5.5,Korea Republic,0.12,17.6,0.801,0.146,"{""appearance"": 0.486, ""goals"": 0.184, ""assists"": 0.043, ""shots_on_target"": 0.108, ""cards"": -0.02}"
1278,Sherzod Esanov,Uzbekistan,MID,4.7,Colombia,0.12,17.6,0.801,0.17,"{""appearance"": 0.486, ""goals"": 0.064, ""assists"": 0.033, ""clean_sheet"": 0.014, ""tackles"": 0.117, ""chances"": 0.117, ""cards"": -0.031}"
1288,Odiljon Hamrobekov,Uzbekistan,MID,5.3,Colombia,0.12,17.6,0.801,0.151,"{""appearance"": 0.486, ""goals"": 0.064, ""assists"": 0.033, ""clean_sheet"": 0.014, ""tackles"": 0.117, ""chances"": 0.117, ""cards"": -0.031}"
1593,Nabil Emad Dunga,Egypt,MID,4.3,Belgium,0.12,17.6,0.8,0.186,"{""appearance"": 0.486, ""goals"": 0.046, ""assists"": 0.047, ""clean_sheet"": 0.018, ""tackles"": 0.117, ""chances"": 0.117, ""cards"": -0.031}"
1031,Pathé Ciss,Senegal,MID,5.6,France,0.12,17.6,0.799,0.143,"{""appearance"": 0.486, ""goals"": 0.056, ""assists"": 0.039, ""clean_sheet"": 0.015, ""tackles"": 0.117, ""chances"": 0.117, ""cards"": -0.031}"
1320,Facundo Medina,Argentina,DEF,4.0,Algeria,0.12,17.6,0.799,0.2,"{""appearance"": 0.486, ""goals"": 0.08, ""assists"": 0.041, ""clean_sheet"": 0.262, ""goals_conceded"": -0.035, ""cards"": -0.035}"
1568,Ahmed Qasem,Iraq,MID,4.4,Norway,0.12,17.6,0.798,0.181,"{""appearance"": 0.486, ""goals"": 0.068, ""assists"": 0.033, ""clean_sheet"": 0.008, ""tackles"": 0.117, ""chances"": 0.117, ""cards"": -0.031}"
417,Jordy Caicedo,Ecuador,FWD,4.9,Côte d'Ivoire,0.12,17.6,0.796,0.163,"{""appearance"": 0.486, ""goals"": 0.178, ""assists"": 0.044, ""shots_on_target"": 0.108, ""cards"": -0.02}"
1379,Willer Ditta,Colombia,DEF,3.7,Uzbekistan,0.12,17.6,0.796,0.215,"{""appearance"": 0.486, ""goals"": 0.069, ""assists"": 0.04, ""clean_sheet"": 0.27, ""goals_conceded"": -0.032, ""cards"": -0.035}"
977,Ziyad Al Johani,Saudi Arabia,MID,4.9,Uruguay,0.12,17.6,0.796,0.162,"{""appearance"": 0.486, ""goals"": 0.056, ""assists"": 0.036, ""clean_sheet"": 0.014, ""tackles"": 0.117, ""chances"": 0.117, ""cards"": -0.031}"
1675,Marwane Saadane,Morocco,MID,4.7,Brazil,0.12,17.6,0.795,0.169,"{""appearance"": 0.486, ""goals"": 0.042, ""assists"": 0.045, ""clean_sheet"": 0.019, ""tackles"": 0.117, ""chances"": 0.117, ""cards"": -0.031}"
675,Keisuke Goto,Japan,FWD,4.2,Netherlands,0.12,17.6,0.795,0.189,"{""appearance"": 0.486, ""goals"": 0.177, ""assists"": 0.043, ""shots_on_target"": 0.108, ""cards"": -0.02}"
432,Marwan Attia,Egypt,MID,4.3,Belgium,0.12,17.6,0.795,0.185,"{""appearance"": 0.486, ""goals"": 0.041, ""assists"": 0.047, ""clean_sheet"": 0.018, ""tackles"": 0.117, ""chances"": 0.117, ""cards"": -0.031}"
1054,Krépin Diatta,Senegal,MID,6.1,France,0.12,17.6,0.795,0.13,"{""appearance"": 0.486, ""goals"": 0.052, ""assists"": 0.039, ""clean_sheet"": 0.015, ""tackles"": 0.117, ""chances"": 0.117, ""cards"": -0.031}"
493,Maxence Lacroix,France,DEF,4.5,Senegal,0.12,17.6,0.794,0.176,"{""appearance"": 0.486, ""goals"": 0.106, ""assists"": 0.04, ""clean_sheet"": 0.241, ""goals_conceded"": -0.044, ""cards"": -0.035}"
275,Axel Tuanzebe,Congo DR,DEF,4.0,Portugal,0.87,77.6,0.793,0.198,"{""appearance"": 1.648, ""goals"": 0.086, ""assists"": 0.033, ""clean_sheet"": 0.376, ""goals_conceded"": -1.195, ""cards"": -0.155}"
22,Yacine Titraoui,Algeria,MID,4.7,Argentina,0.12,17.6,0.793,0.169,"{""appearance"": 0.486, ""goals"": 0.054, ""assists"": 0.036, ""clean_sheet"": 0.014, ""tackles"": 0.117, ""chances"": 0.117, ""cards"": -0.031}"
2049,Nabil Bentaleb,Algeria,MID,5.5,Argentina,0.12,17.6,0.793,0.144,"{""appearance"": 0.486, ""goals"": 0.054, ""assists"": 0.036, ""clean_sheet"": 0.014, ""tackles"": 0.117, ""chances"": 0.117, ""cards"": -0.031}"
1282,Akmal Mozgovoy,Uzbekistan,MID,4.7,Colombia,0.12,17.6,0.79,0.168,"{""appearance"": 0.486, ""goals"": 0.054, ""assists"": 0.033, ""clean_sheet"": 0.014, ""tackles"": 0.117, ""chances"": 0.117, ""cards"": -0.031}"
1178,Hazem Mastouri,Tunisia,FWD,4.2,Sweden,0.12,17.6,0.788,0.188,"{""appearance"": 0.486, ""goals"": 0.178, ""assists"": 0.036, ""shots_on_target"": 0.108, ""cards"": -0.02}"
229,Liam Millar,Canada,FWD,5.1,Bosnia and Herzegovina,0.12,17.6,0.785,0.154,"{""appearance"": 0.486, ""goals"": 0.15, ""assists"": 0.061, ""shots_on_target"": 0.108, ""cards"": -0.02}"
1958,Mohammed Abu Al Shamat,Saudi Arabia,MID,5.5,Uruguay,0.12,17.6,0.783,0.142,"{""appearance"": 0.486, ""goals"": 0.043, ""assists"": 0.036, ""clean_sheet"": 0.014, ""tackles"": 0.117, ""chances"": 0.117, ""cards"": -0.031}"
499,Malo Gusto,France,DEF,5.1,Senegal,0.12,17.6,0.782,0.153,"{""appearance"": 0.486, ""goals"": 0.095, ""assists"": 0.039, ""clean_sheet"": 0.241, ""goals_conceded"": -0.044, ""cards"": -0.035}"
1994,Kamaldeen Sulemana,Ghana,FWD,5.1,Panama,0.12,17.6,0.782,0.153,"{""appearance"": 0.486, ""goals"": 0.153, ""assists"": 0.055, ""shots_on_target"": 0.108, ""cards"": -0.02}"
1544,Saed Al Rosan,Jordan,DEF,3.5,Austria,0.81,72.8,0.782,0.223,"{""appearance"": 1.555, ""goals"": 0.117, ""assists"": 0.041, ""clean_sheet"": 0.346, ""goals_conceded"": -1.131, ""cards"": -0.146}"
1531,Hélio Varela,Cabo Verde,MID,4.9,Spain,0.12,17.6,0.781,0.159,"{""appearance"": 0.486, ""goals"": 0.061, ""assists"": 0.026, ""clean_sheet"": 0.005, ""tackles"": 0.117, ""chances"": 0.117, ""cards"": -0.031}"
1176,Firas Chaouat,Tunisia,FWD,4.4,Sweden,0.12,17.6,0.781,0.177,"{""appearance"": 0.486, ""goals"": 0.171, ""assists"": 0.036, ""shots_on_target"": 0.108, ""cards"": -0.02}"
274,Chancel Mbemba,Congo DR,DEF,4.2,Portugal,0.84,75.2,0.781,0.186,"{""appearance"": 1.602, ""goals"": 0.092, ""assists"": 0.032, ""clean_sheet"": 0.363, ""goals_conceded"": -1.158, ""cards"": -0.15}"
1029,Idrissa Gueye,Senegal,MID,4.9,France,0.12,17.6,0.78,0.159,"{""appearance"": 0.486, ""goals"": 0.037, ""assists"": 0.039, ""clean_sheet"": 0.015, ""tackles"": 0.117, ""chances"": 0.117, ""cards"": -0.031}"
831,Kosta Barbarouses,New Zealand,FWD,4.4,IR Iran,0.12,17.6,0.778,0.177,"{""appearance"": 0.486, ""goals"": 0.169, ""assists"": 0.034, ""shots_on_target"": 0.108, ""cards"": -0.02}"
806,Noa Lang,Netherlands,FWD,5.9,Japan,0.12,17.6,0.777,0.132,"{""appearance"": 0.486, ""goals"": 0.148, ""assists"": 0.055, ""shots_on_target"": 0.108, ""cards"": -0.02}"
1591,Aaron Tshibola,Congo DR,MID,4.9,Portugal,0.12,17.6,0.776,0.158,"{""appearance"": 0.486, ""goals"": 0.042, ""assists"": 0.034, ""clean_sheet"": 0.01, ""tackles"": 0.117, ""chances"": 0.117, ""cards"": -0.031}"
980,Abdullah Al Khaibari,Saudi Arabia,MID,5.1,Uruguay,0.12,17.6,0.776,0.152,"{""appearance"": 0.486, ""goals"": 0.036, ""assists"": 0.036, ""clean_sheet"": 0.014, ""tackles"": 0.117, ""chances"": 0.117, ""cards"": -0.031}"
1231,Sebastián Cáceres,Uruguay,DEF,4.2,Saudi Arabia,0.12,17.6,0.775,0.185,"{""appearance"": 0.486, ""goals"": 0.062, ""assists"": 0.04, ""clean_sheet"": 0.259, ""goals_conceded"": -0.036, ""cards"": -0.035}"
23,Ramiz Zerrouki,Algeria,MID,5.3,Argentina,0.12,17.6,0.774,0.146,"{""appearance"": 0.486, ""goals"": 0.035, ""assists"": 0.036, ""clean_sheet"": 0.014, ""tackles"": 0.117, ""chances"": 0.117, ""cards"": -0.031}"
292,Ngal'ayel Mukau,Congo DR,MID,4.9,Portugal,0.12,17.6,0.772,0.158,"{""appearance"": 0.486, ""goals"": 0.038, ""assists"": 0.034, ""clean_sheet"": 0.01, ""tackles"": 0.117, ""chances"": 0.117, ""cards"": -0.031}"
943,Ayoub Al Oui,Qatar,MID,4.4,Switzerland,0.12,17.6,0.769,0.175,"{""appearance"": 0.486, ""goals"": 0.041, ""assists"": 0.03, ""clean_sheet"": 0.009, ""tackles"": 0.117, ""chances"": 0.117, ""cards"": -0.031}"
1530,Jamiro Monteiro,Cabo Verde,MID,4.6,Spain,0.12,17.6,0.769,0.167,"{""appearance"": 0.486, ""goals"": 0.049, ""assists"": 0.026, ""clean_sheet"": 0.005, ""tackles"": 0.117, ""chances"": 0.117, ""cards"": -0.031}"
1275,Abdulla Abdullaev,Uzbekistan,MID,4.2,Colombia,0.12,17.6,0.766,0.182,"{""appearance"": 0.486, ""goals"": 0.03, ""assists"": 0.033, ""clean_sheet"": 0.014, ""tackles"": 0.117, ""chances"": 0.117, ""cards"": -0.031}"
498,Lucas Digne,France,DEF,5.0,Senegal,0.12,17.6,0.766,0.153,"{""appearance"": 0.486, ""goals"": 0.078, ""assists"": 0.039, ""clean_sheet"": 0.241, ""goals_conceded"": -0.044, ""cards"": -0.035}"
149,Haris Tabakovic,Bosnia and Herzegovina,FWD,5.1,Canada,0.12,17.6,0.765,0.15,"{""appearance"": 0.486, ""goals"": 0.157, ""assists"": 0.034, ""shots_on_target"": 0.108, ""cards"": -0.02}"
1193,Kaan Ayhan,Türkiye,DEF,4.5,Australia,0.12,17.6,0.765,0.17,"{""appearance"": 0.486, ""goals"": 0.111, ""assists"": 0.038, ""clean_sheet"": 0.219, ""goals_conceded"": -0.054, ""cards"": -0.035}"
1146,Eray Cömert,Switzerland,DEF,3.9,Qatar,0.12,17.6,0.763,0.196,"{""appearance"": 0.486, ""assists"": 0.048, ""clean_sheet"": 0.291, ""goals_conceded"": -0.026, ""cards"": -0.035}"
1177,Sebastian Tounekti,Tunisia,FWD,4.4,Sweden,0.12,17.6,0.762,0.173,"{""appearance"": 0.486, ""goals"": 0.152, ""assists"": 0.036, ""shots_on_target"": 0.108, ""cards"": -0.02}"
1075,Evidence Makgopa,South Africa,FWD,4.5,Mexico,0.15,20.0,0.761,0.169,"{""appearance"": 0.532, ""goals"": 0.104, ""assists"": 0.024, ""shots_on_target"": 0.122, ""cards"": -0.022}"
495,Ibrahima Konaté,France,DEF,4.9,Senegal,0.12,17.6,0.759,0.155,"{""appearance"": 0.486, ""goals"": 0.072, ""assists"": 0.039, ""clean_sheet"": 0.241, ""goals_conceded"": -0.044, ""cards"": -0.035}"
196,Yannick Semedo,Cabo Verde,MID,4.7,Spain,0.12,17.6,0.759,0.162,"{""appearance"": 0.486, ""goals"": 0.039, ""assists"": 0.026, ""clean_sheet"": 0.005, ""tackles"": 0.117, ""chances"": 0.117, ""cards"": -0.031}"
198,Kevin Pina,Cabo Verde,MID,4.7,Spain,0.12,17.6,0.757,0.161,"{""appearance"": 0.486, ""goals"": 0.037, ""assists"": 0.026, ""clean_sheet"": 0.005, ""tackles"": 0.117, ""chances"": 0.117, ""cards"": -0.031}"
1016,Dominic Hyam,Scotland,DEF,3.6,Haiti,0.12,17.6,0.756,0.21,"{""appearance"": 0.486, ""goals"": 0.098, ""assists"": 0.042, ""clean_sheet"": 0.219, ""goals_conceded"": -0.054, ""cards"": -0.035}"
588,Yassin Fortuné,Haiti,FWD,4.2,Scotland,0.12,17.6,0.755,0.18,"{""appearance"": 0.486, ""goals"": 0.145, ""assists"": 0.036, ""shots_on_target"": 0.108, ""cards"": -0.02}"
1015,Anthony Ralston,Scotland,DEF,3.8,Haiti,0.12,17.6,0.754,0.198,"{""appearance"": 0.486, ""goals"": 0.095, ""assists"": 0.042, ""clean_sheet"": 0.219, ""goals_conceded"": -0.054, ""cards"": -0.035}"
1521,Alexander Bernhardsson,Sweden,FWD,4.9,Tunisia,0.12,17.6,0.753,0.154,"{""appearance"": 0.486, ""goals"": 0.127, ""assists"": 0.052, ""shots_on_target"": 0.108, ""cards"": -0.02}"
1013,John Souttar,Scotland,DEF,3.8,Haiti,0.12,17.6,0.751,0.198,"{""appearance"": 0.486, ""goals"": 0.093, ""assists"": 0.042, ""clean_sheet"": 0.219, ""goals_conceded"": -0.054, ""cards"": -0.035}"
1014,Scott McKenna,Scotland,DEF,3.8,Haiti,0.12,17.6,0.751,0.198,"{""appearance"": 0.486, ""goals"": 0.093, ""assists"": 0.042, ""clean_sheet"": 0.219, ""goals_conceded"": -0.054, ""cards"": -0.035}"
151,Samed Bazdar,Bosnia and Herzegovina,FWD,4.5,Canada,0.12,17.6,0.75,0.167,"{""appearance"": 0.486, ""goals"": 0.143, ""assists"": 0.034, ""shots_on_target"": 0.108, ""cards"": -0.02}"
833,Ben Waine,New Zealand,FWD,4.2,IR Iran,0.12,17.6,0.75,0.179,"{""appearance"": 0.486, ""goals"": 0.142, ""assists"": 0.034, ""shots_on_target"": 0.108, ""cards"": -0.02}"
727,Yang Hyun-Jun,Korea Republic,FWD,4.7,Czechia,0.12,17.6,0.75,0.16,"{""appearance"": 0.486, ""goals"": 0.132, ""assists"": 0.044, ""shots_on_target"": 0.108, ""cards"": -0.02}"
1688,Isidro Pitta,Paraguay,FWD,5.9,USA,0.12,17.6,0.75,0.127,"{""appearance"": 0.486, ""goals"": 0.142, ""assists"": 0.034, ""shots_on_target"": 0.108, ""cards"": -0.02}"
574,Jean-Kévin Duverne,Haiti,DEF,3.8,Scotland,0.4,40.0,0.749,0.197,"{""appearance"": 0.92, ""goals"": 0.074, ""assists"": 0.03, ""clean_sheet"": 0.261, ""goals_conceded"": -0.456, ""cards"": -0.08}"
336,Petar Musa,Croatia,FWD,5.1,England,0.12,17.6,0.748,0.147,"{""appearance"": 0.486, ""goals"": 0.142, ""assists"": 0.032, ""shots_on_target"": 0.108, ""cards"": -0.02}"
1197,Mert Müldür,Türkiye,DEF,4.1,Australia,0.12,17.6,0.747,0.182,"{""appearance"": 0.486, ""goals"": 0.093, ""assists"": 0.038, ""clean_sheet"": 0.219, ""goals_conceded"": -0.054, ""cards"": -0.035}"
1175,Elias Saad,Tunisia,FWD,4.5,Sweden,0.12,17.6,0.746,0.166,"{""appearance"": 0.486, ""goals"": 0.137, ""assists"": 0.036, ""shots_on_target"": 0.108, ""cards"": -0.02}"
2007,Tete Yengi,Australia,FWD,4.3,Türkiye,0.12,17.6,0.745,0.173,"{""appearance"": 0.486, ""goals"": 0.138, ""assists"": 0.033, ""shots_on_target"": 0.108, ""cards"": -0.02}"
148,Jovo Lukic,Bosnia and Herzegovina,FWD,5.6,Canada,0.12,17.6,0.744,0.133,"{""appearance"": 0.486, ""goals"": 0.136, ""assists"": 0.034, ""shots_on_target"": 0.108, ""cards"": -0.02}"
309,Elye Wahi,Côte d'Ivoire,FWD,5.9,Ecuador,0.12,17.6,0.743,0.126,"{""appearance"": 0.486, ""goals"": 0.135, ""assists"": 0.033, ""shots_on_target"": 0.108, ""cards"": -0.02}"
1018,Grant Hanley,Scotland,DEF,3.5,Haiti,0.12,17.6,0.742,0.212,"{""appearance"": 0.486, ""goals"": 0.084, ""assists"": 0.042, ""clean_sheet"": 0.219, ""goals_conceded"": -0.054, ""cards"": -0.035}"
337,Igor Matanovic,Croatia,FWD,4.9,England,0.12,17.6,0.742,0.151,"{""appearance"": 0.486, ""goals"": 0.136, ""assists"": 0.032, ""shots_on_target"": 0.108, ""cards"": -0.02}"
2029,Azarías Londoño,Panama,FWD,4.4,Ghana,0.12,17.6,0.742,0.169,"{""appearance"": 0.486, ""goals"": 0.126, ""assists"": 0.042, ""shots_on_target"": 0.108, ""cards"": -0.02}"
413,Gonzalo Plata,Ecuador,FWD,5.6,Côte d'Ivoire,0.12,17.6,0.742,0.132,"{""appearance"": 0.486, ""goals"": 0.124, ""assists"": 0.043, ""shots_on_target"": 0.108, ""cards"": -0.02}"
416,Alan Minda,Ecuador,FWD,4.9,Côte d'Ivoire,0.12,17.6,0.742,0.151,"{""appearance"": 0.486, ""goals"": 0.124, ""assists"": 0.043, ""shots_on_target"": 0.108, ""cards"": -0.02}"
1196,Samet Akaydin,Türkiye,DEF,4.1,Australia,0.12,17.6,0.738,0.18,"{""appearance"": 0.486, ""goals"": 0.084, ""assists"": 0.038, ""clean_sheet"": 0.219, ""goals_conceded"": -0.054, ""cards"": -0.035}"
411,Yaimar Medina,Ecuador,DEF,3.5,Côte d'Ivoire,0.12,17.6,0.737,0.211,"{""appearance"": 0.486, ""goals"": 0.096, ""assists"": 0.025, ""clean_sheet"": 0.219, ""goals_conceded"": -0.054, ""cards"": -0.035}"
1287,Aziz G'aniev,Uzbekistan,MID,5.3,Colombia,0.12,17.6,0.736,0.139,"{""appearance"": 0.486, ""assists"": 0.033, ""clean_sheet"": 0.014, ""tackles"": 0.117, ""chances"": 0.117, ""cards"": -0.031}"
994,Khalid Al Ghannam,Saudi Arabia,FWD,4.9,Uruguay,0.12,17.6,0.736,0.15,"{""appearance"": 0.486, ""goals"": 0.136, ""assists"": 0.026, ""shots_on_target"": 0.108, ""cards"": -0.02}"
220,Richie Laryea,Canada,DEF,3.9,Bosnia and Herzegovina,0.12,17.6,0.736,0.189,"{""appearance"": 0.486, ""goals"": 0.099, ""assists"": 0.034, ""clean_sheet"": 0.21, ""goals_conceded"": -0.059, ""cards"": -0.035}"
1966,Alfie Jones,Canada,DEF,3.8,Bosnia and Herzegovina,0.12,17.6,0.736,0.194,"{""appearance"": 0.486, ""goals"": 0.099, ""assists"": 0.034, ""clean_sheet"": 0.21, ""goals_conceded"": -0.059, ""cards"": -0.035}"
169,Bremer,Brazil,DEF,4.3,Morocco,0.12,17.6,0.735,0.171,"{""appearance"": 0.486, ""goals"": 0.088, ""assists"": 0.035, ""clean_sheet"": 0.216, ""goals_conceded"": -0.055, ""cards"": -0.035}"
882,César Yanis,Panama,FWD,4.4,Ghana,0.12,17.6,0.734,0.167,"{""appearance"": 0.486, ""goals"": 0.119, ""assists"": 0.042, ""shots_on_target"": 0.108, ""cards"": -0.02}"
1194,Zeki Çelik,Türkiye,DEF,4.3,Australia,0.12,17.6,0.733,0.17,"{""appearance"": 0.486, ""goals"": 0.079, ""assists"": 0.038, ""clean_sheet"": 0.219, ""goals_conceded"": -0.054, ""cards"": -0.035}"
1199,Eren Elmali,Türkiye,DEF,4.0,Australia,0.12,17.6,0.731,0.183,"{""appearance"": 0.486, ""goals"": 0.077, ""assists"": 0.038, ""clean_sheet"": 0.219, ""goals_conceded"": -0.054, ""cards"": -0.035}"
1991,Christopher Bonsu Baah,Ghana,FWD,4.5,Panama,0.12,17.6,0.73,0.162,"{""appearance"": 0.486, ""goals"": 0.102, ""assists"": 0.054, ""shots_on_target"": 0.108, ""cards"": -0.02}"
630,Zaid Ismael,Iraq,MID,4.4,Norway,0.12,17.6,0.73,0.166,"{""appearance"": 0.486, ""assists"": 0.032, ""clean_sheet"": 0.008, ""tackles"": 0.117, ""chances"": 0.117, ""cards"": -0.031}"
462,Dan Burn,England,DEF,4.5,Croatia,0.12,17.6,0.728,0.162,"{""appearance"": 0.486, ""goals"": 0.092, ""assists"": 0.035, ""clean_sheet"": 0.21, ""goals_conceded"": -0.059, ""cards"": -0.035}"
944,Ahmed Fathy,Qatar,MID,4.7,Switzerland,0.12,17.6,0.728,0.155,"{""appearance"": 0.486, ""assists"": 0.03, ""clean_sheet"": 0.009, ""tackles"": 0.117, ""chances"": 0.117, ""cards"": -0.031}"
1596,Hamza Abdelkarim,Egypt,FWD,4.3,Belgium,0.12,17.6,0.726,0.169,"{""appearance"": 0.486, ""goals"": 0.119, ""assists"": 0.033, ""shots_on_target"": 0.108, ""cards"": -0.02}"
728,Eom Ji-Sung,Korea Republic,FWD,4.6,Czechia,0.12,17.6,0.725,0.158,"{""appearance"": 0.486, ""goals"": 0.108, ""assists"": 0.043, ""shots_on_target"": 0.108, ""cards"": -0.02}"
2028,Alberto Quintero,Panama,FWD,4.2,Ghana,0.12,17.6,0.725,0.173,"{""appearance"": 0.486, ""goals"": 0.11, ""assists"": 0.042, ""shots_on_target"": 0.108, ""cards"": -0.02}"
121,Brandon Mechele,Belgium,DEF,3.9,Egypt,0.12,17.6,0.725,0.186,"{""appearance"": 0.486, ""goals"": 0.083, ""assists"": 0.036, ""clean_sheet"": 0.213, ""goals_conceded"": -0.057, ""cards"": -0.035}"
122,Joaquin Seys,Belgium,DEF,3.9,Egypt,0.12,17.6,0.725,0.186,"{""appearance"": 0.486, ""goals"": 0.083, ""assists"": 0.036, ""clean_sheet"": 0.213, ""goals_conceded"": -0.057, ""cards"": -0.035}"
1540,Lenny Joseph,Haiti,FWD,4.2,Scotland,0.12,17.6,0.724,0.172,"{""appearance"": 0.486, ""goals"": 0.114, ""assists"": 0.036, ""shots_on_target"": 0.108, ""cards"": -0.02}"
1072,Relebohile Mofokeng,South Africa,FWD,4.9,Mexico,0.15,20.0,0.724,0.148,"{""appearance"": 0.532, ""goals"": 0.067, ""assists"": 0.024, ""shots_on_target"": 0.122, ""cards"": -0.022}"
312,Evann Guessand,Côte d'Ivoire,FWD,5.3,Ecuador,0.12,17.6,0.722,0.136,"{""appearance"": 0.486, ""goals"": 0.115, ""assists"": 0.033, ""shots_on_target"": 0.108, ""cards"": -0.02}"
1534,Ange-Yoan Bonny,Côte d'Ivoire,FWD,4.9,Ecuador,0.12,17.6,0.722,0.147,"{""appearance"": 0.486, ""goals"": 0.115, ""assists"": 0.033, ""shots_on_target"": 0.108, ""cards"": -0.02}"
1048,Bamba Dieng,Senegal,FWD,4.9,France,0.12,17.6,0.722,0.147,"{""appearance"": 0.486, ""goals"": 0.12, ""assists"": 0.028, ""shots_on_target"": 0.108, ""cards"": -0.02}"
586,Louicius Deedson,Haiti,FWD,4.2,Scotland,0.12,17.6,0.722,0.172,"{""appearance"": 0.486, ""goals"": 0.112, ""assists"": 0.035, ""shots_on_target"": 0.108, ""cards"": -0.02}"
120,Koni De Winter,Belgium,DEF,4.2,Egypt,0.12,17.6,0.722,0.172,"{""appearance"": 0.486, ""goals"": 0.079, ""assists"": 0.036, ""clean_sheet"": 0.213, ""goals_conceded"": -0.057, ""cards"": -0.035}"
170,Léo Pereira,Brazil,DEF,4.2,Morocco,0.12,17.6,0.72,0.171,"{""appearance"": 0.486, ""goals"": 0.073, ""assists"": 0.035, ""clean_sheet"": 0.216, ""goals_conceded"": -0.055, ""cards"": -0.035}"
1708,Jarell Quansah,England,DEF,4.4,Croatia,0.12,17.6,0.72,0.164,"{""appearance"": 0.486, ""goals"": 0.083, ""assists"": 0.034, ""clean_sheet"": 0.21, ""goals_conceded"": -0.059, ""cards"": -0.035}"
223,Joel Waterman,Canada,DEF,3.7,Bosnia and Herzegovina,0.12,17.6,0.718,0.194,"{""appearance"": 0.486, ""goals"": 0.082, ""assists"": 0.034, ""clean_sheet"": 0.21, ""goals_conceded"": -0.059, ""cards"": -0.035}"
1533,Oumar Diakité,Côte d'Ivoire,FWD,5.3,Ecuador,0.12,17.6,0.717,0.135,"{""appearance"": 0.486, ""goals"": 0.11, ""assists"": 0.033, ""shots_on_target"": 0.108, ""cards"": -0.02}"
1076,Thapelo Maseko,South Africa,FWD,4.2,Mexico,0.15,20.0,0.716,0.171,"{""appearance"": 0.532, ""goals"": 0.06, ""assists"": 0.024, ""shots_on_target"": 0.122, ""cards"": -0.022}"
585,Derrick Etienne,Haiti,FWD,4.4,Scotland,0.12,17.6,0.714,0.162,"{""appearance"": 0.486, ""goals"": 0.105, ""assists"": 0.035, ""shots_on_target"": 0.108, ""cards"": -0.02}"
1269,Max Arfsten,USA,FWD,4.4,Paraguay,0.12,17.6,0.714,0.162,"{""appearance"": 0.486, ""goals"": 0.087, ""assists"": 0.053, ""shots_on_target"": 0.108, ""cards"": -0.02}"
467,Djed Spence,England,DEF,4.5,Croatia,0.12,17.6,0.712,0.158,"{""appearance"": 0.486, ""goals"": 0.076, ""assists"": 0.034, ""clean_sheet"": 0.21, ""goals_conceded"": -0.059, ""cards"": -0.035}"
600,Shoja Khalilzadeh,IR Iran,DEF,3.8,New Zealand,0.12,17.6,0.711,0.187,"{""appearance"": 0.486, ""goals"": 0.074, ""assists"": 0.033, ""clean_sheet"": 0.211, ""goals_conceded"": -0.058, ""cards"": -0.035}"
601,Ehsan Hajisafi,IR Iran,DEF,3.7,New Zealand,0.12,17.6,0.711,0.192,"{""appearance"": 0.486, ""goals"": 0.074, ""assists"": 0.033, ""clean_sheet"": 0.211, ""goals_conceded"": -0.058, ""cards"": -0.035}"
603,Saleh Hardani,IR Iran,DEF,3.7,New Zealand,0.12,17.6,0.711,0.192,"{""appearance"": 0.486, ""goals"": 0.074, ""assists"": 0.033, ""clean_sheet"": 0.211, ""goals_conceded"": -0.058, ""cards"": -0.035}"
1046,Assane Diao,Senegal,FWD,4.9,France,0.12,17.6,0.71,0.145,"{""appearance"": 0.486, ""goals"": 0.108, ""assists"": 0.027, ""shots_on_target"": 0.108, ""cards"": -0.02}"
1047,Cherif Ndiaye,Senegal,FWD,4.9,France,0.12,17.6,0.71,0.145,"{""appearance"": 0.486, ""goals"": 0.108, ""assists"": 0.027, ""shots_on_target"": 0.108, ""cards"": -0.02}"
703,Mahmoud Al Mardi,Jordan,FWD,4.2,Austria,0.12,17.6,0.707,0.168,"{""appearance"": 0.486, ""goals"": 0.101, ""assists"": 0.032, ""shots_on_target"": 0.108, ""cards"": -0.02}"
168,Douglas Santos,Brazil,DEF,4.3,Morocco,0.12,17.6,0.707,0.164,"{""appearance"": 0.486, ""goals"": 0.06, ""assists"": 0.035, ""clean_sheet"": 0.216, ""goals_conceded"": -0.055, ""cards"": -0.035}"
1713,Amine Sbaï,Morocco,FWD,4.8,Brazil,0.12,17.6,0.707,0.147,"{""appearance"": 0.486, ""goals"": 0.101, ""assists"": 0.032, ""shots_on_target"": 0.108, ""cards"": -0.02}"
906,Gustavo Caballero,Paraguay,FWD,4.2,USA,0.12,17.6,0.706,0.168,"{""appearance"": 0.486, ""goals"": 0.099, ""assists"": 0.034, ""shots_on_target"": 0.108, ""cards"": -0.02}"
590,Ruben Providence,Haiti,FWD,4.0,Scotland,0.12,17.6,0.706,0.176,"{""appearance"": 0.486, ""goals"": 0.096, ""assists"": 0.035, ""shots_on_target"": 0.108, ""cards"": -0.02}"
282,Simon Banza,Congo DR,FWD,5.6,Portugal,0.12,17.6,0.705,0.126,"{""appearance"": 0.486, ""goals"": 0.106, ""assists"": 0.024, ""shots_on_target"": 0.108, ""cards"": -0.02}"
15,Ahmed Benbouali,Algeria,FWD,4.2,Argentina,0.12,17.6,0.703,0.167,"{""appearance"": 0.486, ""goals"": 0.103, ""assists"": 0.026, ""shots_on_target"": 0.108, ""cards"": -0.02}"
407,Jackson Porozo,Ecuador,DEF,3.8,Côte d'Ivoire,0.12,17.6,0.701,0.185,"{""appearance"": 0.486, ""goals"": 0.06, ""assists"": 0.025, ""clean_sheet"": 0.219, ""goals_conceded"": -0.054, ""cards"": -0.035}"
311,Simon Adingra,Côte d'Ivoire,FWD,5.6,Ecuador,0.12,17.6,0.701,0.125,"{""appearance"": 0.486, ""goals"": 0.094, ""assists"": 0.033, ""shots_on_target"": 0.108, ""cards"": -0.02}"
123,Nathan Ngoy,Belgium,DEF,3.7,Egypt,0.12,17.6,0.701,0.189,"{""appearance"": 0.486, ""goals"": 0.059, ""assists"": 0.036, ""clean_sheet"": 0.213, ""goals_conceded"": -0.057, ""cards"": -0.035}"
708,Odeh Fakhoury,Jordan,FWD,4.0,Austria,0.12,17.6,0.701,0.175,"{""appearance"": 0.486, ""goals"": 0.095, ""assists"": 0.032, ""shots_on_target"": 0.108, ""cards"": -0.02}"
1122,Gustaf Lagerbielke,Sweden,DEF,3.7,Tunisia,0.12,17.6,0.7,0.189,"{""appearance"": 0.486, ""goals"": 0.074, ""assists"": 0.029, ""clean_sheet"": 0.207, ""goals_conceded"": -0.06, ""cards"": -0.035}"
1262,Mark McKenzie,USA,DEF,3.9,Paraguay,0.12,17.6,0.7,0.18,"{""appearance"": 0.486, ""goals"": 0.079, ""assists"": 0.031, ""clean_sheet"": 0.202, ""goals_conceded"": -0.063, ""cards"": -0.035}"
903,Ramón Sosa,Paraguay,FWD,5.3,USA,0.12,17.6,0.7,0.132,"{""appearance"": 0.486, ""goals"": 0.092, ""assists"": 0.034, ""shots_on_target"": 0.108, ""cards"": -0.02}"
1034,Moussa Niakhaté,Senegal,DEF,4.3,France,0.4,40.0,0.698,0.162,"{""appearance"": 0.92, ""goals"": 0.062, ""assists"": 0.023, ""clean_sheet"": 0.248, ""goals_conceded"": -0.475, ""cards"": -0.08}"
1260,Joe Scally,USA,DEF,4.1,Paraguay,0.12,17.6,0.697,0.17,"{""appearance"": 0.486, ""goals"": 0.076, ""assists"": 0.031, ""clean_sheet"": 0.202, ""goals_conceded"": -0.063, ""cards"": -0.035}"
997,Sultan Mandash,Saudi Arabia,FWD,4.5,Uruguay,0.12,17.6,0.697,0.155,"{""appearance"": 0.486, ""goals"": 0.097, ""assists"": 0.026, ""shots_on_target"": 0.108, ""cards"": -0.02}"
459,Tino Livramento,England,DEF,4.6,Croatia,0.12,17.6,0.696,0.151,"{""appearance"": 0.486, ""goals"": 0.06, ""assists"": 0.034, ""clean_sheet"": 0.21, ""goals_conceded"": -0.059, ""cards"": -0.035}"
651,Ali Yousif,Iraq,FWD,4.2,Norway,0.12,17.6,0.696,0.166,"{""appearance"": 0.486, ""goals"": 0.099, ""assists"": 0.023, ""shots_on_target"": 0.108, ""cards"": -0.02}"
2025,Chemsdine Talbi,Morocco,FWD,4.4,Brazil,0.12,17.6,0.696,0.158,"{""appearance"": 0.486, ""goals"": 0.09, ""assists"": 0.032, ""shots_on_target"": 0.108, ""cards"": -0.02}"
1263,Auston Trusty,USA,DEF,3.9,Paraguay,0.12,17.6,0.694,0.178,"{""appearance"": 0.486, ""goals"": 0.073, ""assists"": 0.031, ""clean_sheet"": 0.202, ""goals_conceded"": -0.063, ""cards"": -0.035}"
1676,Ayoube Amaimouni-Echghouyab,Morocco,FWD,4.3,Brazil,0.12,17.6,0.693,0.161,"{""appearance"": 0.486, ""goals"": 0.087, ""assists"": 0.032, ""shots_on_target"": 0.108, ""cards"": -0.02}"
649,Ali Al Hamadi,Iraq,FWD,4.7,Norway,0.12,17.6,0.692,0.147,"{""appearance"": 0.486, ""goals"": 0.095, ""assists"": 0.023, ""shots_on_target"": 0.108, ""cards"": -0.02}"
589,Josué Casimir,Haiti,FWD,4.2,Scotland,0.12,17.6,0.692,0.165,"{""appearance"": 0.486, ""goals"": 0.082, ""assists"": 0.035, ""shots_on_target"": 0.108, ""cards"": -0.02}"
1511,Mohammed Muntari,Qatar,FWD,5.3,Switzerland,0.12,17.6,0.692,0.13,"{""appearance"": 0.486, ""goals"": 0.096, ""assists"": 0.021, ""shots_on_target"": 0.108, ""cards"": -0.02}"
1516,Hjalmar Ekdal,Sweden,DEF,3.7,Tunisia,0.12,17.6,0.69,0.187,"{""appearance"": 0.486, ""goals"": 0.064, ""assists"": 0.029, ""clean_sheet"": 0.207, ""goals_conceded"": -0.06, ""cards"": -0.035}"
335,Marco Pasalic,Croatia,FWD,5.3,England,0.12,17.6,0.689,0.13,"{""appearance"": 0.486, ""goals"": 0.084, ""assists"": 0.032, ""shots_on_target"": 0.108, ""cards"": -0.02}"
405,Félix Torres,Ecuador,DEF,3.9,Côte d'Ivoire,0.12,17.6,0.688,0.176,"{""appearance"": 0.486, ""goals"": 0.047, ""assists"": 0.024, ""clean_sheet"": 0.219, ""goals_conceded"": -0.054, ""cards"": -0.035}"
150,Esmir Bajraktarevic,Bosnia and Herzegovina,FWD,4.7,Canada,0.12,17.6,0.688,0.146,"{""appearance"": 0.486, ""goals"": 0.08, ""assists"": 0.033, ""shots_on_target"": 0.108, ""cards"": -0.02}"
959,Almoez Ali,Qatar,FWD,5.3,Switzerland,0.12,17.6,0.687,0.13,"{""appearance"": 0.486, ""goals"": 0.092, ""assists"": 0.021, ""shots_on_target"": 0.108, ""cards"": -0.02}"
609,Danial Eiri,IR Iran,DEF,3.5,New Zealand,0.12,17.6,0.687,0.196,"{""appearance"": 0.486, ""goals"": 0.05, ""assists"": 0.033, ""clean_sheet"": 0.211, ""goals_conceded"": -0.058, ""cards"": -0.035}"
952,Boualem Khoukhi,Qatar,DEF,3.8,Switzerland,0.84,75.2,0.682,0.179,"{""appearance"": 1.602, ""goals"": 0.138, ""assists"": 0.028, ""clean_sheet"": 0.32, ""goals_conceded"": -1.256, ""cards"": -0.15}"
1980,Jerome Opoku,Ghana,DEF,3.8,Panama,0.12,17.6,0.681,0.179,"{""appearance"": 0.486, ""goals"": 0.09, ""assists"": 0.031, ""clean_sheet"": 0.184, ""goals_conceded"": -0.074, ""cards"": -0.035}"
991,Ali Lajami,Saudi Arabia,DEF,3.5,Uruguay,0.4,40.0,0.681,0.195,"{""appearance"": 0.92, ""goals"": 0.07, ""assists"": 0.022, ""clean_sheet"": 0.239, ""goals_conceded"": -0.49, ""cards"": -0.08}"
314,Bazoumana Touré,Côte d'Ivoire,FWD,4.5,Ecuador,0.12,17.6,0.681,0.151,"{""appearance"": 0.486, ""goals"": 0.074, ""assists"": 0.033, ""shots_on_target"": 0.108, ""cards"": -0.02}"
2068,Derrick Luckassen,Ghana,DEF,3.7,Panama,0.12,17.6,0.679,0.184,"{""appearance"": 0.486, ""goals"": 0.088, ""assists"": 0.031, ""clean_sheet"": 0.184, ""goals_conceded"": -0.074, ""cards"": -0.035}"
949,Pedro Miguel,Qatar,DEF,3.9,Switzerland,0.9,80.0,0.679,0.174,"{""appearance"": 1.695, ""goals"": 0.109, ""assists"": 0.029, ""clean_sheet"": 0.342, ""goals_conceded"": -1.336, ""cards"": -0.16}"
834,Ben Old,New Zealand,FWD,4.2,IR Iran,0.12,17.6,0.677,0.161,"{""appearance"": 0.486, ""goals"": 0.069, ""assists"": 0.034, ""shots_on_target"": 0.108, ""cards"": -0.02}"
951,Lucas Mendes,Qatar,DEF,3.8,Switzerland,0.87,77.6,0.676,0.178,"{""appearance"": 1.648, ""goals"": 0.119, ""assists"": 0.029, ""clean_sheet"": 0.331, ""goals_conceded"": -1.296, ""cards"": -0.155}"
1261,Tim Ream,USA,DEF,3.9,Paraguay,0.12,17.6,0.676,0.173,"{""appearance"": 0.486, ""goals"": 0.055, ""assists"": 0.03, ""clean_sheet"": 0.202, ""goals_conceded"": -0.063, ""cards"": -0.035}"
961,Hassan Al Haydos,Qatar,FWD,4.6,Switzerland,0.12,17.6,0.673,0.146,"{""appearance"": 0.486, ""goals"": 0.078, ""assists"": 0.021, ""shots_on_target"": 0.108, ""cards"": -0.02}"
14,Farès Ghedjemis,Algeria,FWD,4.4,Argentina,0.12,17.6,0.673,0.153,"{""appearance"": 0.486, ""goals"": 0.073, ""assists"": 0.026, ""shots_on_target"": 0.108, ""cards"": -0.02}"
365,Jearl Margaritha,Curaçao,FWD,4.2,Germany,0.12,17.6,0.672,0.16,"{""appearance"": 0.486, ""goals"": 0.073, ""assists"": 0.025, ""shots_on_target"": 0.108, ""cards"": -0.02}"
288,Brian Cipenga,Congo DR,FWD,4.2,Portugal,0.12,17.6,0.671,0.16,"{""appearance"": 0.486, ""goals"": 0.073, ""assists"": 0.024, ""shots_on_target"": 0.108, ""cards"": -0.02}"
1049,Ibrahim Mbaye,Senegal,FWD,4.4,France,0.12,17.6,0.669,0.152,"{""appearance"": 0.486, ""goals"": 0.068, ""assists"": 0.027, ""shots_on_target"": 0.108, ""cards"": -0.02}"
963,Ahmed Al Ganehi,Qatar,FWD,4.2,Switzerland,0.12,17.6,0.667,0.159,"{""appearance"": 0.486, ""goals"": 0.072, ""assists"": 0.021, ""shots_on_target"": 0.108, ""cards"": -0.02}"
287,Nathanaël Mbuku,Congo DR,FWD,4.5,Portugal,0.12,17.6,0.667,0.148,"{""appearance"": 0.486, ""goals"": 0.069, ""assists"": 0.024, ""shots_on_target"": 0.108, ""cards"": -0.02}"
650,Youssef Amyn,Iraq,FWD,4.4,Norway,0.12,17.6,0.667,0.152,"{""appearance"": 0.486, ""goals"": 0.07, ""assists"": 0.023, ""shots_on_target"": 0.108, ""cards"": -0.02}"
13,Anis Hadj Moussa,Algeria,FWD,5.3,Argentina,0.12,17.6,0.665,0.125,"{""appearance"": 0.486, ""goals"": 0.065, ""assists"": 0.026, ""shots_on_target"": 0.108, ""cards"": -0.02}"
1296,Farrukh Sayfiev,Uzbekistan,DEF,3.6,Colombia,0.4,40.0,0.663,0.184,"{""appearance"": 0.92, ""goals"": 0.064, ""assists"": 0.02, ""clean_sheet"": 0.235, ""goals_conceded"": -0.496, ""cards"": -0.08}"
1513,Tahsin Jamshid,Qatar,FWD,4.5,Switzerland,0.12,17.6,0.663,0.147,"{""appearance"": 0.486, ""goals"": 0.068, ""assists"": 0.021, ""shots_on_target"": 0.108, ""cards"": -0.02}"
363,Sontje Hansen,Curaçao,FWD,4.4,Germany,0.12,17.6,0.662,0.15,"{""appearance"": 0.486, ""goals"": 0.063, ""assists"": 0.025, ""shots_on_target"": 0.108, ""cards"": -0.02}"
1974,Alidu Seidu,Ghana,DEF,3.9,Panama,0.12,17.6,0.66,0.169,"{""appearance"": 0.486, ""goals"": 0.069, ""assists"": 0.031, ""clean_sheet"": 0.184, ""goals_conceded"": -0.074, ""cards"": -0.035}"
364,Kenji Gorré,Curaçao,FWD,4.2,Germany,0.12,17.6,0.656,0.156,"{""appearance"": 0.486, ""goals"": 0.057, ""assists"": 0.025, ""shots_on_target"": 0.108, ""cards"": -0.02}"
907,Alexandro Maidana,Paraguay,FWD,4.0,USA,0.12,17.6,0.655,0.164,"{""appearance"": 0.486, ""goals"": 0.048, ""assists"": 0.033, ""shots_on_target"": 0.108, ""cards"": -0.02}"
211,Willy Semedo,Cabo Verde,FWD,4.5,Spain,0.12,17.6,0.654,0.145,"{""appearance"": 0.486, ""goals"": 0.061, ""assists"": 0.019, ""shots_on_target"": 0.108, ""cards"": -0.02}"
362,Brandley Kuwas,Curaçao,FWD,4.4,Germany,0.12,17.6,0.652,0.148,"{""appearance"": 0.486, ""goals"": 0.053, ""assists"": 0.025, ""shots_on_target"": 0.108, ""cards"": -0.02}"
209,Nuno da Costa,Cabo Verde,FWD,4.7,Spain,0.12,17.6,0.649,0.138,"{""appearance"": 0.486, ""goals"": 0.056, ""assists"": 0.019, ""shots_on_target"": 0.108, ""cards"": -0.02}"
2074,Lutsharel Geertruida,Netherlands,DEF,4.3,Japan,0.12,17.6,0.647,0.15,"{""appearance"": 0.486, ""goals"": 0.084, ""assists"": 0.031, ""clean_sheet"": 0.167, ""goals_conceded"": -0.086, ""cards"": -0.035}"
1977,Abdul Mumin,Ghana,DEF,3.7,Panama,0.12,17.6,0.645,0.174,"{""appearance"": 0.486, ""goals"": 0.053, ""assists"": 0.031, ""clean_sheet"": 0.184, ""goals_conceded"": -0.074, ""cards"": -0.035}"
210,Garry Rodrigues,Cabo Verde,FWD,4.7,Spain,0.12,17.6,0.642,0.137,"{""appearance"": 0.486, ""goals"": 0.049, ""assists"": 0.019, ""shots_on_target"": 0.108, ""cards"": -0.02}"
2047,Samir Chergui,Algeria,DEF,4.0,Argentina,0.4,40.0,0.63,0.157,"{""appearance"": 0.92, ""goals"": 0.053, ""assists"": 0.022, ""clean_sheet"": 0.226, ""goals_conceded"": -0.511, ""cards"": -0.08}"
803,Jorrel Hato,Netherlands,DEF,4.3,Japan,0.12,17.6,0.629,0.146,"{""appearance"": 0.486, ""goals"": 0.067, ""assists"": 0.031, ""clean_sheet"": 0.167, ""goals_conceded"": -0.086, ""cards"": -0.035}"
1507,Sultan Al Brake,Qatar,DEF,3.7,Switzerland,0.81,72.8,0.618,0.167,"{""appearance"": 1.555, ""goals"": 0.089, ""assists"": 0.027, ""clean_sheet"": 0.308, ""goals_conceded"": -1.216, ""cards"": -0.146}"
720,Lee Tae-Seok,Korea Republic,DEF,3.7,Czechia,0.12,17.6,0.612,0.165,"{""appearance"": 0.486, ""goals"": 0.072, ""assists"": 0.025, ""clean_sheet"": 0.158, ""goals_conceded"": -0.094, ""cards"": -0.035}"
381,Stepán Chaloupek,Czechia,DEF,3.5,Korea Republic,0.12,17.6,0.61,0.174,"{""appearance"": 0.486, ""goals"": 0.071, ""assists"": 0.024, ""clean_sheet"": 0.158, ""goals_conceded"": -0.094, ""cards"": -0.035}"
702,Mohammad Abu Zraiq,Jordan,FWD,4.2,Austria,0.12,17.6,0.605,0.144,"{""appearance"": 0.486, ""assists"": 0.031, ""shots_on_target"": 0.108, ""cards"": -0.02}"
379,Jaroslav Zeleny,Czechia,DEF,3.9,Korea Republic,0.12,17.6,0.599,0.154,"{""appearance"": 0.486, ""goals"": 0.06, ""assists"": 0.024, ""clean_sheet"": 0.158, ""goals_conceded"": -0.094, ""cards"": -0.035}"
284,Meschack Elia,Congo DR,FWD,4.9,Portugal,0.12,17.6,0.598,0.122,"{""appearance"": 0.486, ""assists"": 0.024, ""shots_on_target"": 0.108, ""cards"": -0.02}"
962,Yusuf Abdurisag,Qatar,FWD,4.4,Switzerland,0.12,17.6,0.595,0.135,"{""appearance"": 0.486, ""assists"": 0.021, ""shots_on_target"": 0.108, ""cards"": -0.02}"
2051,Christopher Opéri,Côte d'Ivoire,DEF,4.0,Ecuador,0.12,17.6,0.591,0.148,"{""appearance"": 0.486, ""goals"": 0.058, ""assists"": 0.019, ""clean_sheet"": 0.158, ""goals_conceded"": -0.094, ""cards"": -0.035}"
719,Lee Han-Beom,Korea Republic,DEF,3.7,Czechia,0.12,17.6,0.584,0.158,"{""appearance"": 0.486, ""goals"": 0.045, ""assists"": 0.025, ""clean_sheet"": 0.158, ""goals_conceded"": -0.094, ""cards"": -0.035}"
1405,David Zima,Czechia,DEF,3.9,Korea Republic,0.12,17.6,0.582,0.149,"{""appearance"": 0.486, ""goals"": 0.044, ""assists"": 0.024, ""clean_sheet"": 0.158, ""goals_conceded"": -0.094, ""cards"": -0.035}"
302,Odilon Kossounou,Côte d'Ivoire,DEF,4.3,Ecuador,0.12,17.6,0.577,0.134,"{""appearance"": 0.486, ""goals"": 0.044, ""assists"": 0.019, ""clean_sheet"": 0.158, ""goals_conceded"": -0.094, ""cards"": -0.035}"
304,Emmanuel Agbadou,Côte d'Ivoire,DEF,3.9,Ecuador,0.12,17.6,0.577,0.148,"{""appearance"": 0.486, ""goals"": 0.044, ""assists"": 0.019, ""clean_sheet"": 0.158, ""goals_conceded"": -0.094, ""cards"": -0.035}"
637,Merchas Doski,Iraq,DEF,3.8,Norway,0.9,80.0,0.547,0.144,"{""appearance"": 1.695, ""goals"": 0.079, ""assists"": 0.032, ""clean_sheet"": 0.312, ""goals_conceded"": -1.411, ""cards"": -0.16}"
875,Roderick Miller,Panama,DEF,3.5,Ghana,0.12,17.6,0.547,0.156,"{""appearance"": 0.486, ""goals"": 0.064, ""assists"": 0.024, ""clean_sheet"": 0.13, ""goals_conceded"": -0.122, ""cards"": -0.035}"
644,Akam Hashim,Iraq,DEF,3.5,Norway,0.87,77.6,0.545,0.156,"{""appearance"": 1.648, ""goals"": 0.087, ""assists"": 0.031, ""clean_sheet"": 0.302, ""goals_conceded"": -1.368, ""cards"": -0.155}"
2070,Cho Wi-Je,Korea Republic,DEF,3.7,Czechia,0.12,17.6,0.539,0.146,"{""appearance"": 0.486, ""assists"": 0.024, ""clean_sheet"": 0.158, ""goals_conceded"": -0.094, ""cards"": -0.035}"
2027,Edgardo Fariña,Panama,DEF,3.9,Ghana,0.12,17.6,0.539,0.138,"{""appearance"": 0.486, ""goals"": 0.057, ""assists"": 0.024, ""clean_sheet"": 0.13, ""goals_conceded"": -0.122, ""cards"": -0.035}"
876,Jiovany Ramos,Panama,DEF,3.5,Ghana,0.12,17.6,0.533,0.152,"{""appearance"": 0.486, ""goals"": 0.051, ""assists"": 0.023, ""clean_sheet"": 0.13, ""goals_conceded"": -0.122, ""cards"": -0.035}"
638,Frans Putros,Iraq,DEF,3.7,Norway,0.84,75.2,0.533,0.144,"{""appearance"": 1.602, ""goals"": 0.085, ""assists"": 0.03, ""clean_sheet"": 0.292, ""goals_conceded"": -1.326, ""cards"": -0.15}"
878,Jorge Gutiérrez,Panama,DEF,3.5,Ghana,0.12,17.6,0.53,0.151,"{""appearance"": 0.486, ""goals"": 0.047, ""assists"": 0.023, ""clean_sheet"": 0.13, ""goals_conceded"": -0.122, ""cards"": -0.035}"
874,Andrés Andrade,Panama,DEF,3.7,Ghana,0.12,17.6,0.523,0.141,"{""appearance"": 0.486, ""goals"": 0.041, ""assists"": 0.023, ""clean_sheet"": 0.13, ""goals_conceded"": -0.122, ""cards"": -0.035}"
1552,Dylan Bronn,Tunisia,DEF,3.6,Sweden,0.12,17.6,0.522,0.145,"{""appearance"": 0.486, ""goals"": 0.066, ""assists"": 0.02, ""clean_sheet"": 0.119, ""goals_conceded"": -0.134, ""cards"": -0.035}"
1172,Raed Chikhaoui,Tunisia,DEF,3.5,Sweden,0.12,17.6,0.514,0.147,"{""appearance"": 0.486, ""goals"": 0.058, ""assists"": 0.02, ""clean_sheet"": 0.119, ""goals_conceded"": -0.134, ""cards"": -0.035}"
662,Yukinari Sugawara,Japan,DEF,4.4,Netherlands,0.12,17.6,0.51,0.116,"{""appearance"": 0.486, ""goals"": 0.07, ""assists"": 0.024, ""clean_sheet"": 0.111, ""goals_conceded"": -0.146, ""cards"": -0.035}"
1170,Mohamed Amine Ben Hmida,Tunisia,DEF,3.6,Sweden,0.12,17.6,0.506,0.141,"{""appearance"": 0.486, ""goals"": 0.05, ""assists"": 0.02, ""clean_sheet"": 0.119, ""goals_conceded"": -0.134, ""cards"": -0.035}"
1456,Yuto Nagatomo,Japan,DEF,3.7,Netherlands,0.12,17.6,0.504,0.136,"{""appearance"": 0.486, ""goals"": 0.064, ""assists"": 0.024, ""clean_sheet"": 0.111, ""goals_conceded"": -0.146, ""cards"": -0.035}"
825,Tyler Bindon,New Zealand,DEF,3.6,IR Iran,0.12,17.6,0.504,0.14,"{""appearance"": 0.486, ""goals"": 0.06, ""assists"": 0.019, ""clean_sheet"": 0.114, ""goals_conceded"": -0.141, ""cards"": -0.035}"
826,Francis de Vries,New Zealand,DEF,3.6,IR Iran,0.12,17.6,0.504,0.14,"{""appearance"": 0.486, ""goals"": 0.06, ""assists"": 0.019, ""clean_sheet"": 0.114, ""goals_conceded"": -0.141, ""cards"": -0.035}"
898,Gustavo Velázquez,Paraguay,DEF,3.8,USA,0.12,17.6,0.5,0.131,"{""appearance"": 0.486, ""goals"": 0.047, ""assists"": 0.019, ""clean_sheet"": 0.118, ""goals_conceded"": -0.135, ""cards"": -0.035}"
900,José Canale,Paraguay,DEF,3.6,USA,0.12,17.6,0.5,0.139,"{""appearance"": 0.486, ""goals"": 0.047, ""assists"": 0.019, ""clean_sheet"": 0.118, ""goals_conceded"": -0.135, ""cards"": -0.035}"
1169,Adem Arous,Tunisia,DEF,3.6,Sweden,0.12,17.6,0.498,0.138,"{""appearance"": 0.486, ""goals"": 0.042, ""assists"": 0.02, ""clean_sheet"": 0.119, ""goals_conceded"": -0.134, ""cards"": -0.035}"
666,Shogo Taniguchi,Japan,DEF,3.9,Netherlands,0.12,17.6,0.495,0.127,"{""appearance"": 0.486, ""goals"": 0.055, ""assists"": 0.024, ""clean_sheet"": 0.111, ""goals_conceded"": -0.146, ""cards"": -0.035}"
667,Ayumu Seko,Japan,DEF,3.8,Netherlands,0.12,17.6,0.495,0.13,"{""appearance"": 0.486, ""goals"": 0.055, ""assists"": 0.024, ""clean_sheet"": 0.111, ""goals_conceded"": -0.146, ""cards"": -0.035}"
639,Rebin Sulaka,Iraq,DEF,3.7,Norway,0.81,72.8,0.493,0.133,"{""appearance"": 1.555, ""goals"": 0.056, ""assists"": 0.029, ""clean_sheet"": 0.281, ""goals_conceded"": -1.284, ""cards"": -0.146}"
663,Tsuyoshi Watanabe,Japan,DEF,4.3,Netherlands,0.12,17.6,0.492,0.114,"{""appearance"": 0.486, ""goals"": 0.052, ""assists"": 0.024, ""clean_sheet"": 0.111, ""goals_conceded"": -0.146, ""cards"": -0.035}"
1491,Tommy Smith,New Zealand,DEF,3.6,IR Iran,0.12,17.6,0.491,0.136,"{""appearance"": 0.486, ""goals"": 0.047, ""assists"": 0.019, ""clean_sheet"": 0.114, ""goals_conceded"": -0.141, ""cards"": -0.035}"
830,Finn Surman,New Zealand,DEF,3.5,IR Iran,0.12,17.6,0.486,0.139,"{""appearance"": 0.486, ""goals"": 0.043, ""assists"": 0.019, ""clean_sheet"": 0.114, ""goals_conceded"": -0.141, ""cards"": -0.035}"
143,Stjepan Radeljic,Bosnia and Herzegovina,DEF,3.7,Canada,0.12,17.6,0.484,0.131,"{""appearance"": 0.486, ""goals"": 0.052, ""assists"": 0.019, ""clean_sheet"": 0.109, ""goals_conceded"": -0.147, ""cards"": -0.035}"
1545,Anas Badawi,Jordan,DEF,3.5,Austria,0.4,40.0,0.479,0.137,"{""appearance"": 0.92, ""goals"": 0.063, ""assists"": 0.027, ""clean_sheet"": 0.171, ""goals_conceded"": -0.622, ""cards"": -0.08}"
1341,Dennis Hadzikadunic,Bosnia and Herzegovina,DEF,3.7,Canada,0.12,17.6,0.478,0.129,"{""appearance"": 0.486, ""goals"": 0.046, ""assists"": 0.019, ""clean_sheet"": 0.109, ""goals_conceded"": -0.147, ""cards"": -0.035}"
276,Joris Kayembe,Congo DR,DEF,3.9,Portugal,0.4,40.0,0.478,0.123,"{""appearance"": 0.92, ""goals"": 0.06, ""assists"": 0.021, ""clean_sheet"": 0.173, ""goals_conceded"": -0.616, ""cards"": -0.08}"
144,Nihad Mujakic,Bosnia and Herzegovina,DEF,3.6,Canada,0.12,17.6,0.477,0.132,"{""appearance"": 0.486, ""goals"": 0.045, ""assists"": 0.019, ""clean_sheet"": 0.109, ""goals_conceded"": -0.147, ""cards"": -0.035}"
1064,Thabang Matuludi,South Africa,DEF,3.7,Mexico,0.15,20.0,0.457,0.123,"{""appearance"": 0.532, ""goals"": 0.064, ""assists"": 0.014, ""clean_sheet"": 0.104, ""goals_conceded"": -0.217, ""cards"": -0.04}"
329,Martin Erlic,Croatia,DEF,3.9,England,0.12,17.6,0.455,0.117,"{""appearance"": 0.486, ""goals"": 0.052, ""assists"": 0.018, ""clean_sheet"": 0.098, ""goals_conceded"": -0.164, ""cards"": -0.035}"
63,Aziz Behich,Australia,DEF,3.8,Türkiye,0.12,17.6,0.452,0.119,"{""appearance"": 0.486, ""goals"": 0.07, ""assists"": 0.019, ""clean_sheet"": 0.09, ""goals_conceded"": -0.178, ""cards"": -0.035}"
1592,Karim Hafez,Egypt,DEF,3.9,Belgium,0.12,17.6,0.45,0.115,"{""appearance"": 0.486, ""goals"": 0.07, ""assists"": 0.019, ""clean_sheet"": 0.089, ""goals_conceded"": -0.179, ""cards"": -0.035}"
326,Josip Sutalo,Croatia,DEF,4.3,England,0.12,17.6,0.44,0.102,"{""appearance"": 0.486, ""goals"": 0.037, ""assists"": 0.018, ""clean_sheet"": 0.098, ""goals_conceded"": -0.164, ""cards"": -0.035}"
1668,Youssef Belammari,Morocco,DEF,3.6,Brazil,0.12,17.6,0.438,0.122,"{""appearance"": 0.486, ""goals"": 0.049, ""assists"": 0.018, ""clean_sheet"": 0.093, ""goals_conceded"": -0.173, ""cards"": -0.035}"
441,Hossam Abdelmaguid,Egypt,DEF,3.6,Belgium,0.12,17.6,0.433,0.12,"{""appearance"": 0.486, ""goals"": 0.053, ""assists"": 0.019, ""clean_sheet"": 0.089, ""goals_conceded"": -0.179, ""cards"": -0.035}"
2013,Chadi Riad,Morocco,DEF,3.9,Brazil,0.12,17.6,0.433,0.111,"{""appearance"": 0.486, ""goals"": 0.045, ""assists"": 0.018, ""clean_sheet"": 0.093, ""goals_conceded"": -0.173, ""cards"": -0.035}"
1070,Samukele Kabini,South Africa,DEF,3.5,Mexico,0.15,20.0,0.432,0.123,"{""appearance"": 0.532, ""goals"": 0.039, ""assists"": 0.014, ""clean_sheet"": 0.104, ""goals_conceded"": -0.217, ""cards"": -0.04}"
1701,Bradley Cross,South Africa,DEF,3.6,Mexico,0.15,20.0,0.428,0.119,"{""appearance"": 0.532, ""goals"": 0.036, ""assists"": 0.014, ""clean_sheet"": 0.104, ""goals_conceded"": -0.217, ""cards"": -0.04}"
442,Tarek Alaa,Egypt,DEF,3.5,Belgium,0.12,17.6,0.427,0.122,"{""appearance"": 0.486, ""goals"": 0.048, ""assists"": 0.019, ""clean_sheet"": 0.089, ""goals_conceded"": -0.179, ""cards"": -0.035}"
60,Alessandro Circati,Australia,DEF,3.9,Türkiye,0.12,17.6,0.424,0.109,"{""appearance"": 0.486, ""goals"": 0.042, ""assists"": 0.018, ""clean_sheet"": 0.09, ""goals_conceded"": -0.178, ""cards"": -0.035}"
773,Anass Salah-Eddine,Morocco,DEF,3.9,Brazil,0.12,17.6,0.424,0.109,"{""appearance"": 0.486, ""goals"": 0.036, ""assists"": 0.018, ""clean_sheet"": 0.093, ""goals_conceded"": -0.173, ""cards"": -0.035}"
1506,Homam El Amin,Qatar,DEF,3.6,Switzerland,0.4,40.0,0.424,0.118,"{""appearance"": 0.92, ""goals"": 0.081, ""assists"": 0.018, ""clean_sheet"": 0.152, ""goals_conceded"": -0.668, ""cards"": -0.08}"
64,Jason Geria,Australia,DEF,3.7,Türkiye,0.12,17.6,0.422,0.114,"{""appearance"": 0.486, ""goals"": 0.04, ""assists"": 0.018, ""clean_sheet"": 0.09, ""goals_conceded"": -0.178, ""cards"": -0.035}"
61,Cameron Burgess,Australia,DEF,3.8,Türkiye,0.12,17.6,0.421,0.111,"{""appearance"": 0.486, ""goals"": 0.039, ""assists"": 0.018, ""clean_sheet"": 0.09, ""goals_conceded"": -0.178, ""cards"": -0.035}"
1700,Olwethu Makhanya,South Africa,DEF,3.5,Mexico,0.15,20.0,0.421,0.12,"{""appearance"": 0.532, ""goals"": 0.028, ""assists"": 0.014, ""clean_sheet"": 0.104, ""goals_conceded"": -0.217, ""cards"": -0.04}"
1068,Khulumani Ndamane,South Africa,DEF,3.5,Mexico,0.15,20.0,0.417,0.119,"{""appearance"": 0.532, ""goals"": 0.024, ""assists"": 0.014, ""clean_sheet"": 0.104, ""goals_conceded"": -0.217, ""cards"": -0.04}"
62,Milos Degenek,Australia,DEF,3.8,Türkiye,0.12,17.6,0.415,0.109,"{""appearance"": 0.486, ""goals"": 0.033, ""assists"": 0.018, ""clean_sheet"": 0.09, ""goals_conceded"": -0.178, ""cards"": -0.035}"
580,Wilguens Paugain,Haiti,DEF,3.5,Scotland,0.12,17.6,0.399,0.114,"{""appearance"": 0.486, ""goals"": 0.05, ""assists"": 0.02, ""clean_sheet"": 0.078, ""goals_conceded"": -0.201, ""cards"": -0.035}"
575,Carlens Arcus,Haiti,DEF,3.8,Scotland,0.12,17.6,0.39,0.103,"{""appearance"": 0.486, ""goals"": 0.041, ""assists"": 0.02, ""clean_sheet"": 0.078, ""goals_conceded"": -0.201, ""cards"": -0.035}"
576,Hannes Delcroix,Haiti,DEF,3.7,Scotland,0.12,17.6,0.39,0.105,"{""appearance"": 0.486, ""goals"": 0.041, ""assists"": 0.02, ""clean_sheet"": 0.078, ""goals_conceded"": -0.201, ""cards"": -0.035}"
984,Abdulelah Al Amri,Saudi Arabia,DEF,3.7,Uruguay,0.12,17.6,0.387,0.105,"{""appearance"": 0.486, ""goals"": 0.065, ""assists"": 0.015, ""clean_sheet"": 0.072, ""goals_conceded"": -0.216, ""cards"": -0.035}"
985,Hassan Kadish,Saudi Arabia,DEF,3.7,Uruguay,0.12,17.6,0.373,0.101,"{""appearance"": 0.486, ""goals"": 0.051, ""assists"": 0.015, ""clean_sheet"": 0.072, ""goals_conceded"": -0.216, ""cards"": -0.035}"
1954,Moteb Al Harbi,Saudi Arabia,DEF,4.1,Uruguay,0.12,17.6,0.373,0.091,"{""appearance"": 0.486, ""goals"": 0.051, ""assists"": 0.015, ""clean_sheet"": 0.072, ""goals_conceded"": -0.216, ""cards"": -0.035}"
1036,Ismail Jakobs,Senegal,DEF,4.1,France,0.12,17.6,0.373,0.091,"{""appearance"": 0.486, ""goals"": 0.041, ""assists"": 0.016, ""clean_sheet"": 0.075, ""goals_conceded"": -0.209, ""cards"": -0.035}"
1038,Abdoulaye Seck,Senegal,DEF,3.8,France,0.12,17.6,0.373,0.098,"{""appearance"": 0.486, ""goals"": 0.041, ""assists"": 0.016, ""clean_sheet"": 0.075, ""goals_conceded"": -0.209, ""cards"": -0.035}"
1297,Khojiakbar Alijonov,Uzbekistan,DEF,3.6,Colombia,0.12,17.6,0.371,0.103,"{""appearance"": 0.486, ""goals"": 0.054, ""assists"": 0.013, ""clean_sheet"": 0.071, ""goals_conceded"": -0.218, ""cards"": -0.035}"
986,Ali Majrashi,Saudi Arabia,DEF,3.6,Uruguay,0.12,17.6,0.364,0.101,"{""appearance"": 0.486, ""goals"": 0.042, ""assists"": 0.015, ""clean_sheet"": 0.072, ""goals_conceded"": -0.216, ""cards"": -0.035}"
1302,Avazbek O'lmasaliev,Uzbekistan,DEF,3.5,Colombia,0.12,17.6,0.355,0.101,"{""appearance"": 0.486, ""goals"": 0.038, ""assists"": 0.013, ""clean_sheet"": 0.071, ""goals_conceded"": -0.218, ""cards"": -0.035}"
2066,Jaouen Hadjam,Algeria,DEF,3.8,Argentina,0.12,17.6,0.352,0.093,"{""appearance"": 0.486, ""goals"": 0.044, ""assists"": 0.015, ""clean_sheet"": 0.068, ""goals_conceded"": -0.225, ""cards"": -0.035}"
1305,Jakhongir Urozov,Uzbekistan,DEF,3.5,Colombia,0.12,17.6,0.351,0.1,"{""appearance"": 0.486, ""goals"": 0.035, ""assists"": 0.013, ""clean_sheet"": 0.071, ""goals_conceded"": -0.218, ""cards"": -0.035}"
1303,Bekhruz Karimov,Uzbekistan,DEF,3.5,Colombia,0.12,17.6,0.348,0.1,"{""appearance"": 0.486, ""goals"": 0.032, ""assists"": 0.013, ""clean_sheet"": 0.071, ""goals_conceded"": -0.218, ""cards"": -0.035}"
700,Amer Jamous,Jordan,DEF,3.5,Austria,0.12,17.6,0.348,0.099,"{""appearance"": 0.486, ""goals"": 0.101, ""assists"": 0.018, ""clean_sheet"": 0.051, ""goals_conceded"": -0.273, ""cards"": -0.035}"
3,Aïssa Mandi,Algeria,DEF,3.9,Argentina,0.12,17.6,0.345,0.089,"{""appearance"": 0.486, ""goals"": 0.037, ""assists"": 0.015, ""clean_sheet"": 0.068, ""goals_conceded"": -0.225, ""cards"": -0.035}"
5,Zinéddine Belaïd,Algeria,DEF,3.7,Argentina,0.12,17.6,0.345,0.093,"{""appearance"": 0.486, ""goals"": 0.037, ""assists"": 0.015, ""clean_sheet"": 0.068, ""goals_conceded"": -0.225, ""cards"": -0.035}"
2048,Mohamed Tougaï,Algeria,DEF,4.0,Argentina,0.12,17.6,0.345,0.086,"{""appearance"": 0.486, ""goals"": 0.037, ""assists"": 0.015, ""clean_sheet"": 0.068, ""goals_conceded"": -0.225, ""cards"": -0.035}"
641,Hussein Ali,Iraq,DEF,3.6,Norway,0.4,40.0,0.342,0.095,"{""appearance"": 0.92, ""goals"": 0.049, ""assists"": 0.02, ""clean_sheet"": 0.139, ""goals_conceded"": -0.705, ""cards"": -0.08}"
696,Mohammad Abu Ghoush,Jordan,DEF,3.5,Austria,0.12,17.6,0.332,0.095,"{""appearance"": 0.486, ""goals"": 0.085, ""assists"": 0.018, ""clean_sheet"": 0.051, ""goals_conceded"": -0.273, ""cards"": -0.035}"
691,Abdallah Nasib,Jordan,DEF,3.6,Austria,0.12,17.6,0.307,0.085,"{""appearance"": 0.486, ""goals"": 0.061, ""assists"": 0.018, ""clean_sheet"": 0.051, ""goals_conceded"": -0.273, ""cards"": -0.035}"
693,Mohammad Abu Hasheesh,Jordan,DEF,3.5,Austria,0.12,17.6,0.307,0.088,"{""appearance"": 0.486, ""goals"": 0.061, ""assists"": 0.018, ""clean_sheet"": 0.051, ""goals_conceded"": -0.273, ""cards"": -0.035}"
695,Husam Abu Al Dahab,Jordan,DEF,3.5,Austria,0.12,17.6,0.294,0.084,"{""appearance"": 0.486, ""goals"": 0.047, ""assists"": 0.018, ""clean_sheet"": 0.051, ""goals_conceded"": -0.273, ""cards"": -0.035}"
698,Saleem Obaid,Jordan,DEF,3.5,Austria,0.12,17.6,0.294,0.084,"{""appearance"": 0.486, ""goals"": 0.047, ""assists"": 0.018, ""clean_sheet"": 0.051, ""goals_conceded"": -0.273, ""cards"": -0.035}"
277,Dylan Batubinsika,Congo DR,DEF,3.8,Portugal,0.12,17.6,0.282,0.074,"{""appearance"": 0.486, ""goals"": 0.036, ""assists"": 0.014, ""clean_sheet"": 0.052, ""goals_conceded"": -0.271, ""cards"": -0.035}"
1556,Gédéon Kalulu,Congo DR,DEF,3.9,Portugal,0.12,17.6,0.282,0.072,"{""appearance"": 0.486, ""goals"": 0.036, ""assists"": 0.014, ""clean_sheet"": 0.052, ""goals_conceded"": -0.271, ""cards"": -0.035}"
957,Issa Laye,Qatar,DEF,3.5,Switzerland,0.12,17.6,0.279,0.08,"{""appearance"": 0.486, ""goals"": 0.065, ""assists"": 0.012, ""clean_sheet"": 0.046, ""goals_conceded"": -0.294, ""cards"": -0.035}"
278,Steve Kapuadi,Congo DR,DEF,3.7,Portugal,0.12,17.6,0.277,0.075,"{""appearance"": 0.486, ""goals"": 0.032, ""assists"": 0.014, ""clean_sheet"": 0.052, ""goals_conceded"": -0.271, ""cards"": -0.035}"
955,Hashmi Al Hussain,Qatar,DEF,3.5,Switzerland,0.12,17.6,0.254,0.073,"{""appearance"": 0.486, ""goals"": 0.039, ""assists"": 0.012, ""clean_sheet"": 0.046, ""goals_conceded"": -0.294, ""cards"": -0.035}"
699,Mohammad Abu Al Nadi,Jordan,DEF,3.5,Austria,0.12,17.6,0.246,0.07,"{""appearance"": 0.486, ""assists"": 0.018, ""clean_sheet"": 0.051, ""goals_conceded"": -0.273, ""cards"": -0.035}"
642,Zaid Tahseen,Iraq,DEF,3.6,Norway,0.12,17.6,0.232,0.064,"{""appearance"": 0.486, ""goals"": 0.037, ""assists"": 0.013, ""clean_sheet"": 0.042, ""goals_conceded"": -0.31, ""cards"": -0.035}"
645,Ahmed Maknzi,Iraq,DEF,3.5,Norway,0.12,17.6,0.231,0.066,"{""appearance"": 0.486, ""goals"": 0.035, ""assists"": 0.013, ""clean_sheet"": 0.042, ""goals_conceded"": -0.31, ""cards"": -0.035}"
1564,Mustafa Saadoon,Iraq,DEF,3.6,Norway,0.12,17.6,0.222,0.062,"{""appearance"": 0.486, ""goals"": 0.026, ""assists"": 0.013, ""clean_sheet"": 0.042, ""goals_conceded"": -0.31, ""cards"": -0.035}"
643,Munaf Younus,Iraq,DEF,3.5,Norway,0.12,17.6,0.195,0.056,"{""appearance"": 0.486, ""assists"": 0.013, ""clean_sheet"": 0.042, ""goals_conceded"": -0.31, ""cards"": -0.035}"
201,Pico,Cabo Verde,DEF,3.7,Spain,0.12,17.6,0.129,0.035,"{""appearance"": 0.486, ""goals"": 0.063, ""assists"": 0.011, ""clean_sheet"": 0.023, ""goals_conceded"": -0.419, ""cards"": -0.035}"
200,Wagner Pina,Cabo Verde,DEF,3.8,Spain,0.12,17.6,0.104,0.027,"{""appearance"": 0.486, ""goals"": 0.038, ""assists"": 0.011, ""clean_sheet"": 0.023, ""goals_conceded"": -0.419, ""cards"": -0.035}"
202,Kelvin Pires,Cabo Verde,DEF,3.6,Spain,0.12,17.6,0.101,0.028,"{""appearance"": 0.486, ""goals"": 0.035, ""assists"": 0.011, ""clean_sheet"": 0.023, ""goals_conceded"": -0.419, ""cards"": -0.035}"
199,Steven Moreira,Cabo Verde,DEF,3.9,Spain,0.4,40.0,0.034,0.009,"{""appearance"": 0.92, ""goals"": 0.054, ""assists"": 0.016, ""clean_sheet"": 0.077, ""goals_conceded"": -0.952, ""cards"": -0.08}"
361,Tyrese Noslin,Curaçao,DEF,3.5,Germany,0.12,17.6,-0.016,-0.005,"{""appearance"": 0.486, ""goals"": 0.054, ""assists"": 0.014, ""clean_sheet"": 0.012, ""goals_conceded"": -0.547, ""cards"": -0.035}"
354,Joshua Brenet,Curaçao,DEF,3.7,Germany,0.12,17.6,-0.022,-0.006,"{""appearance"": 0.486, ""goals"": 0.049, ""assists"": 0.014, ""clean_sheet"": 0.012, ""goals_conceded"": -0.547, ""cards"": -0.035}"
1559,Deveron Fonville,Curaçao,DEF,3.7,Germany,0.12,17.6,-0.023,-0.006,"{""appearance"": 0.486, ""goals"": 0.047, ""assists"": 0.014, ""clean_sheet"": 0.012, ""goals_conceded"": -0.547, ""cards"": -0.035}"
356,Sherel Floranus,Curaçao,DEF,3.6,Germany,0.12,17.6,-0.026,-0.007,"{""appearance"": 0.486, ""goals"": 0.045, ""assists"": 0.014, ""clean_sheet"": 0.012, ""goals_conceded"": -0.547, ""cards"": -0.035}"
1558,Armando Obispo,Curaçao,DEF,3.7,Germany,0.12,17.6,-0.026,-0.007,"{""appearance"": 0.486, ""goals"": 0.045, ""assists"": 0.014, ""clean_sheet"": 0.012, ""goals_conceded"": -0.547, ""cards"": -0.035}"
355,Shurandy Sambo,Curaçao,DEF,3.6,Germany,0.12,17.6,-0.03,-0.008,"{""appearance"": 0.486, ""goals"": 0.041, ""assists"": 0.014, ""clean_sheet"": 0.012, ""goals_conceded"": -0.547, ""cards"": -0.035}"
359,Juriën Gaari,Curaçao,DEF,3.5,Germany,0.12,17.6,-0.035,-0.01,"{""appearance"": 0.486, ""goals"": 0.036, ""assists"": 0.014, ""clean_sheet"": 0.012, ""goals_conceded"": -0.547, ""cards"": -0.035}"
203,Sidny Cabral,Cabo Verde,DEF,3.5,Spain,0.9,80.0,-0.057,-0.016,"{""appearance"": 1.695, ""goals"": 0.114, ""assists"": 0.026, ""clean_sheet"": 0.173, ""goals_conceded"": -1.904, ""cards"": -0.16}"
1528,Stopira,Cabo Verde,DEF,3.5,Spain,0.84,75.2,-0.059,-0.017,"{""appearance"": 1.602, ""goals"": 0.093, ""assists"": 0.024, ""clean_sheet"": 0.161, ""goals_conceded"": -1.79, ""cards"": -0.15}"
1529,Logan Costa,Cabo Verde,DEF,3.5,Spain,0.81,72.8,-0.07,-0.02,"{""appearance"": 1.555, ""goals"": 0.073, ""assists"": 0.024, ""clean_sheet"": 0.156, ""goals_conceded"": -1.733, ""cards"": -0.146}"
205,Diney,Cabo Verde,DEF,3.5,Spain,0.87,77.6,-0.071,-0.02,"{""appearance"": 1.648, ""goals"": 0.09, ""assists"": 0.025, ""clean_sheet"": 0.167, ""goals_conceded"": -1.847, ""cards"": -0.155}"
353,Riechedly Bazoer,Curaçao,DEF,3.8,Germany,0.4,40.0,-0.276,-0.073,"{""appearance"": 0.92, ""goals"": 0.068, ""assists"": 0.021, ""clean_sheet"": 0.039, ""goals_conceded"": -1.244, ""cards"": -0.08}"
358,Ar'Jany Martha,Curaçao,DEF,3.5,Germany,0.84,75.2,-0.569,-0.162,"{""appearance"": 1.602, ""goals"": 0.204, ""assists"": 0.033, ""clean_sheet"": 0.082, ""goals_conceded"": -2.339, ""cards"": -0.15}"
360,Livano Comenencia,Curaçao,DEF,4.5,Germany,0.81,72.8,-0.642,-0.143,"{""appearance"": 1.555, ""goals"": 0.102, ""assists"": 0.032, ""clean_sheet"": 0.079, ""goals_conceded"": -2.264, ""cards"": -0.146}"
352,Leandro Bacuna,Curaçao,DEF,4.0,Germany,0.9,80.0,-0.677,-0.169,"{""appearance"": 1.695, ""goals"": 0.155, ""assists"": 0.035, ""clean_sheet"": 0.088, ""goals_conceded"": -2.488, ""cards"": -0.16}"
357,Roshon van Eijma,Curaçao,DEF,3.5,Germany,0.87,77.6,-0.695,-0.199,"{""appearance"": 1.648, ""goals"": 0.107, ""assists"": 0.034, ""clean_sheet"": 0.085, ""goals_conceded"": -2.414, ""cards"": -0.155}"
